slug,status,title,reference,hadith_number,arabic,translation_ur
"waking-upon-waking","published","Upon waking","Bukhari","","الْحَمْدُ لِلَّهِ الَّذِي أَحْيَانَا بَعْدَ مَا أَمَاتَنَا وَإِلَيْهِ النُّشُورُ",""
"waking-upon-waking-an-alternate-wording","published","Upon waking, an alternate wording","Tirmidhi","","الْحَمْدُ لِلَّهِ الَّذِي عَافَانِي فِي جَسَدِي وَرَدَّ عَلَيَّ رُوحِي وَأَذِنَ لِي بِذِكْرِهِ",""
"morning-morning-remembrance","published","Morning remembrance","Muslim","6908","أَصْبَحْنَا وَأَصْبَحَ الْمُلْكُ لِلَّهِ، وَالْحَمْدُ لِلَّهِ، لَا إِلَهَ إِلَّا اللَّهُ وَحْدَهُ لَا شَرِيكَ لَهُ",""
"morning-by-you-we-reach-morning-and-evening","published","By You we reach morning and evening","Tirmidhi","3391","اللَّهُمَّ بِكَ أَصْبَحْنَا، وَبِكَ أَمْسَيْنَا، وَبِكَ نَحْيَا، وَبِكَ نَمُوتُ، وَإِلَيْكَ النُّشُورُ",""
"morning-sayyid-al-istighfar-master-of-seeking-forgiveness","published","Sayyid al-Istighfar (master of seeking forgiveness)","Bukhari","6306","اللَّهُمَّ أَنْتَ رَبِّي لَا إِلَهَ إِلَّا أَنْتَ، خَلَقْتَنِي وَأَنَا عَبْدُكَ، وَأَنَا عَلَى عَهْدِكَ وَوَعْدِكَ مَا اسْتَطَعْتُ",""
"morning-protection","published","Protection","Abu Dawud, Tirmidhi","5088","بِسْمِ اللَّهِ الَّذِي لَا يَضُرُّ مَعَ اسْمِهِ شَيْءٌ فِي الْأَرْضِ وَلَا فِي السَّمَاءِ وَهُوَ السَّمِيعُ الْعَلِيمُ",""
"morning-contentment-with-allah","published","Contentment with Allah","Abu Dawud, Tirmidhi","","رَضِيتُ بِاللَّهِ رَبًّا وَبِالْإِسْلَامِ دِينًا وَبِمُحَمَّدٍ صَلَّى اللَّهُ عَلَيْهِ وَسَلَّمَ نَبِيًّا",""
"evening-evening-remembrance","published","Evening remembrance","Muslim","","أَمْسَيْنَا وَأَمْسَى الْمُلْكُ لِلَّهِ، وَالْحَمْدُ لِلَّهِ، لَا إِلَهَ إِلَّا اللَّهُ وَحْدَهُ لَا شَرِيكَ لَهُ",""
"evening-seeking-refuge-at-nightfall","published","Seeking refuge at nightfall","Muslim","6880","أَعُوذُ بِكَلِمَاتِ اللَّهِ التَّامَّاتِ مِنْ شَرِّ مَا خَلَقَ",""
"sleep-before-sleeping","published","Before sleeping","Bukhari","","بِاسْمِكَ اللَّهُمَّ أَمُوتُ وَأَحْيَا",""
"sleep-seeking-protection-through-the-night","published","Seeking protection through the night","Abu Dawud, Tirmidhi","","اللَّهُمَّ قِنِي عَذَابَكَ يَوْمَ تَبْعَثُ عِبَادَكَ",""
"bismillah","published","Bismillah","Abu Dawud, Tirmidhi, Ibn Majah","","بِسْمِ اللَّهِ",""
"wudu-after-completing-wudu","published","After completing wudu","Muslim, Tirmidhi","","أَشْهَدُ أَنْ لَا إِلَهَ إِلَّا اللَّهُ وَحْدَهُ لَا شَرِيكَ لَهُ، وَأَشْهَدُ أَنَّ مُحَمَّدًا عَبْدُهُ وَرَسُولُهُ، اللَّهُمَّ اجْعَلْنِي مِنَ التَّوَّابِينَ وَاجْعَلْنِي مِنَ الْمُتَطَهِّرِينَ",""
"masjid-after-the-adhan","published","After the adhan","Bukhari","","اللَّهُمَّ رَبَّ هَذِهِ الدَّعْوَةِ التَّامَّةِ وَالصَّلَاةِ الْقَائِمَةِ، آتِ مُحَمَّدًا الْوَسِيلَةَ وَالْفَضِيلَةَ، وَابْعَثْهُ مَقَامًا مَحْمُودًا الَّذِي وَعَدْتَهُ",""
"masjid-entering-the-masjid","published","Entering the masjid","Muslim","","اللَّهُمَّ افْتَحْ لِي أَبْوَابَ رَحْمَتِكَ",""
"masjid-leaving-the-masjid","published","Leaving the masjid","Muslim","","اللَّهُمَّ إِنِّي أَسْأَلُكَ مِنْ فَضْلِكَ",""
"salah-opening-dua-istiftah","published","Opening dua (istiftah)","Bukhari, Muslim","","اللَّهُمَّ بَاعِدْ بَيْنِي وَبَيْنَ خَطَايَايَ كَمَا بَاعَدْتَ بَيْنَ الْمَشْرِقِ وَالْمَغْرِبِ، اللَّهُمَّ نَقِّنِي مِنْ خَطَايَايَ كَمَا يُنَقَّى الثَّوْبُ الْأَبْيَضُ مِنَ الدَّنَسِ",""
"salah-in-ruku-bowing","published","In ruku (bowing)","Muslim, Abu Dawud","","سُبْحَانَ رَبِّيَ الْعَظِيمِ",""
"salah-in-sujud-prostration","published","In sujud (prostration)","Muslim, Abu Dawud","","سُبْحَانَ رَبِّيَ الْأَعْلَى",""
"salah-between-the-two-prostrations","published","Between the two prostrations","Abu Dawud, Tirmidhi, Ibn Majah","","اللَّهُمَّ اغْفِرْ لِي، وَارْحَمْنِي، وَاجْبُرْنِي، وَارْفَعْنِي، وَارْزُقْنِي، وَاهْدِنِي، وَعَافِنِي",""
"salah-the-tashahhud","published","The tashahhud","Bukhari, Muslim","","التَّحِيَّاتُ لِلَّهِ وَالصَّلَوَاتُ وَالطَّيِّبَاتُ، السَّلَامُ عَلَيْكَ أَيُّهَا النَّبِيُّ وَرَحْمَةُ اللَّهِ وَبَرَكَاتُهُ، السَّلَامُ عَلَيْنَا وَعَلَى عِبَادِ اللَّهِ الصَّالِحِينَ، أَشْهَدُ أَنْ لَا إِلَهَ إِلَّا اللَّهُ وَأَشْهَدُ أَنَّ مُحَمَّدًا عَبْدُهُ وَرَسُولُهُ",""
"salah-before-the-final-salam","published","Before the final salam","Muslim","","اللَّهُمَّ إِنِّي أَعُوذُ بِكَ مِنْ عَذَابِ جَهَنَّمَ، وَمِنْ عَذَابِ الْقَبْرِ، وَمِنْ فِتْنَةِ الْمَحْيَا وَالْمَمَاتِ، وَمِنْ شَرِّ فِتْنَةِ الْمَسِيحِ الدَّجَّالِ",""
"salah-rising-from-ruku-hisnul-muslim-ch-18","published","Rising from ruku (Hisnul Muslim ch.18)","Bukhari, Muslim","","سَمِعَ اللَّهُ لِمَنْ حَمِدَهُ، رَبَّنَا وَلَكَ الْحَمْدُ",""
"salah-salutations-on-the-prophet-after-tashahhud-salat-ibrahimiyyah-ch","published","Salutations on the Prophet after tashahhud (Salat Ibrahimiyyah, ch.23)","Bukhari","","اللَّهُمَّ صَلِّ عَلَى مُحَمَّدٍ وَعَلَى آلِ مُحَمَّدٍ كَمَا صَلَّيْتَ عَلَى إِبْرَاهِيمَ وَعَلَى آلِ إِبْرَاهِيمَ إِنَّكَ حَمِيدٌ مَجِيدٌ، اللَّهُمَّ بَارِكْ عَلَى مُحَمَّدٍ وَعَلَى آلِ مُحَمَّدٍ كَمَا بَارَكْتَ عَلَى إِبْرَاهِيمَ وَعَلَى آلِ إِبْرَاهِيمَ إِنَّكَ حَمِيدٌ مَجِيدٌ",""
"salah-prostration-of-quran-recitation-sajdat-at-tilawah","published","Prostration of Qur'an recitation, sajdat at-tilawah","Tirmidhi","","سَجَدَ وَجْهِيَ لِلَّذِي خَلَقَهُ وَشَقَّ سَمْعَهُ وَبَصَرَهُ بِحَوْلِهِ وَقُوَّتِهِ",""
"salah-general-remembrance-after-the-salam","published","General remembrance after the salam","Muslim","","أَسْتَغْفِرُ اللَّهَ (×٣)، اللَّهُمَّ أَنْتَ السَّلَامُ وَمِنْكَ السَّلَامُ تَبَارَكْتَ يَا ذَا الْجَلَالِ وَالْإِكْرَامِ",""
"witr-qunut-in-witr","published","Qunut in Witr","Abu Dawud, Tirmidhi, Nasa'i","","اللَّهُمَّ اهْدِنِي فِيمَنْ هَدَيْتَ، وَعَافِنِي فِيمَنْ عَافَيْتَ، وَتَوَلَّنِي فِيمَنْ تَوَلَّيْتَ، وَبَارِكْ لِي فِيمَا أَعْطَيْتَ، وَقِنِي شَرَّ مَا قَضَيْتَ، فَإِنَّكَ تَقْضِي وَلَا يُقْضَى عَلَيْكَ، إِنَّهُ لَا يَذِلُّ مَنْ وَالَيْتَ، تَبَارَكْتَ رَبَّنَا وَتَعَالَيْتَ",""
"witr-after-finishing-witr","published","After finishing Witr","Nasa'i, Daraqutni","","سُبْحَانَ الْمَلِكِ الْقُدُّوسِ",""
"home-entering-the-home","published","Entering the home","Abu Dawud","","بِسْمِ اللَّهِ وَلَجْنَا، وَبِسْمِ اللَّهِ خَرَجْنَا، وَعَلَى رَبِّنَا تَوَكَّلْنَا",""
"home-leaving-the-home","published","Leaving the home","Abu Dawud, Tirmidhi","","بِسْمِ اللَّهِ، تَوَكَّلْتُ عَلَى اللَّهِ، وَلَا حَوْلَ وَلَا قُوَّةَ إِلَّا بِاللَّهِ",""
"home-on-the-wedding-night-for-the-husband","published","On the wedding night, for the husband","Abu Dawud, Ibn Majah","","اللَّهُمَّ إِنِّي أَسْأَلُكَ خَيْرَهَا وَخَيْرَ مَا جَبَلْتَهَا عَلَيْهِ، وَأَعُوذُ بِكَ مِنْ شَرِّهَا وَشَرِّ مَا جَبَلْتَهَا عَلَيْهِ",""
"home-before-marital-relations","published","Before marital relations","Bukhari, Muslim","","بِسْمِ اللَّهِ، اللَّهُمَّ جَنِّبْنَا الشَّيْطَانَ، وَجَنِّبِ الشَّيْطَانَ مَا رَزَقْتَنَا",""
"home-congratulating-new-parents","published","Congratulating new parents","General Sunnah practice","","بَارَكَ اللَّهُ لَكَ فِي الْمَوْهُوبِ لَكَ، وَشَكَرْتَ الْوَاهِبَ",""
"food-if-forgotten-at-the-start","published","If forgotten at the start","Abu Dawud, Tirmidhi","","بِسْمِ اللَّهِ أَوَّلَهُ وَآخِرَهُ",""
"food-after-eating","published","After eating","Abu Dawud, Tirmidhi, Ibn Majah","","الْحَمْدُ لِلَّهِ الَّذِي أَطْعَمَنِي هَذَا وَرَزَقَنِيهِ مِنْ غَيْرِ حَوْلٍ مِنِّي وَلَا قُوَّةٍ",""
"food-guests-dua-for-the-host","published","Guest's dua for the host","Muslim","","اللَّهُمَّ بَارِكْ لَهُمْ فِيمَا رَزَقْتَهُمْ، وَاغْفِرْ لَهُمْ وَارْحَمْهُمْ",""
"food-drinking-milk","published","Drinking milk","Tirmidhi","","اللَّهُمَّ بَارِكْ لَنَا فِيهِ وَزِدْنَا مِنْهُ",""
"food-for-someone-who-feeds-or-gives-you-drink","published","For someone who feeds or gives you drink","Muslim","","اللَّهُمَّ أَطْعِمْ مَنْ أَطْعَمَنِي، وَاسْقِ مَنْ سَقَانِي",""
"fasting-upon-breaking-the-fast","published","Upon breaking the fast","Abu Dawud","","ذَهَبَ الظَّمَأُ، وَابْتَلَّتِ الْعُرُوقُ، وَثَبَتَ الْأَجْرُ إِنْ شَاءَ اللَّهُ",""
"fasting-as-a-fasting-guest-for-the-host","published","As a fasting guest, for the host","Abu Dawud, Ibn Majah","","أَفْطَرَ عِنْدَكُمُ الصَّائِمُونَ، وَأَكَلَ طَعَامَكُمُ الْأَبْرَارُ، وَصَلَّتْ عَلَيْكُمُ الْمَلَائِكَةُ",""
"fasting-seeking-laylat-al-qadr","published","Seeking Laylat al-Qadr","Tirmidhi","","اللَّهُمَّ إِنَّكَ عَفُوٌّ تُحِبُّ الْعَفْوَ فَاعْفُ عَنِّي",""
"dressing-wearing-new-clothes","published","Wearing new clothes","Abu Dawud, Tirmidhi","","اللَّهُمَّ لَكَ الْحَمْدُ أَنْتَ كَسَوْتَنِيهِ، أَسْأَلُكَ مِنْ خَيْرِهِ وَخَيْرِ مَا صُنِعَ لَهُ، وَأَعُوذُ بِكَ مِنْ شَرِّهِ وَشَرِّ مَا صُنِعَ لَهُ",""
"dressing-entering-the-toilet","published","Entering the toilet","Bukhari, Muslim","","اللَّهُمَّ إِنِّي أَعُوذُ بِكَ مِنَ الْخُبُثِ وَالْخَبَائِثِ",""
"dressing-leaving-the-toilet","published","Leaving the toilet","Abu Dawud, Tirmidhi, Ibn Majah","","غُفْرَانَكَ",""
"dressing-looking-in-the-mirror","published","Looking in the mirror","Ahmad, Ibn Hibban","","اللَّهُمَّ كَمَا حَسَّنْتَ خَلْقِي فَحَسِّنْ خُلُقِي",""
"travel-when-mounting-a-vehicle-for-travel","published","When mounting a vehicle for travel","Muslim","","سُبْحَانَ الَّذِي سَخَّرَ لَنَا هَذَا وَمَا كُنَّا لَهُ مُقْرِنِينَ وَإِنَّا إِلَى رَبِّنَا لَمُنْقَلِبُونَ",""
"travel-entering-a-town-or-village","published","Entering a town or village","Nasa'i, al-Hakim","","اللَّهُمَّ إِنِّي أَسْأَلُكَ خَيْرَهَا وَخَيْرَ أَهْلِهَا وَخَيْرَ مَا فِيهَا، وَأَعُوذُ بِكَ مِنْ شَرِّهَا وَشَرِّ أَهْلِهَا وَشَرِّ مَا فِيهَا",""
"travel-returning-from-a-journey","published","Returning from a journey","Bukhari, Muslim","","آيِبُونَ تَائِبُونَ عَابِدُونَ لِرَبِّنَا حَامِدُونَ",""
"travel-the-fuller-traveling-dua","published","The fuller traveling dua","Muslim","","اللَّهُمَّ إِنَّا نَسْأَلُكَ فِي سَفَرِنَا هَذَا الْبِرَّ وَالتَّقْوَى، وَمِنَ الْعَمَلِ مَا تَرْضَى",""
"travel-the-travelers-farewell-to-the-one-staying-behind","published","The traveler's farewell to the one staying behind","Tirmidhi","","أَسْتَوْدِعُ اللَّهَ دِينَكَ، وَأَمَانَتَكَ، وَخَوَاتِيمَ عَمَلِكَ",""
"travel-the-one-staying-behind-to-the-traveler","published","The one staying behind, to the traveler","Tirmidhi","","زَوَّدَكَ اللَّهُ التَّقْوَى، وَغَفَرَ ذَنْبَكَ، وَيَسَّرَ لَكَ الْخَيْرَ حَيْثُ كُنْتَ",""
"weather-seeing-rain-clouds-gather","published","Seeing rain clouds gather","Bukhari","","اللَّهُمَّ صَيِّبًا نَافِعًا",""
"weather-after-rainfall","published","After rainfall","Bukhari, Muslim","","مُطِرْنَا بِفَضْلِ اللَّهِ وَرَحْمَتِهِ",""
"weather-hearing-thunder","published","Hearing thunder","Muwatta Malik","","سُبْحَانَ الَّذِي يُسَبِّحُ الرَّعْدُ بِحَمْدِهِ وَالْمَلَائِكَةُ مِنْ خِيفَتِهِ",""
"weather-when-the-wind-blows-strongly","published","When the wind blows strongly","Muslim","","اللَّهُمَّ إِنِّي أَسْأَلُكَ خَيْرَهَا وَخَيْرَ مَا فِيهَا وَخَيْرَ مَا أُرْسِلَتْ بِهِ، وَأَعُوذُ بِكَ مِنْ شَرِّهَا وَشَرِّ مَا فِيهَا وَشَرِّ مَا أُرْسِلَتْ بِهِ",""
"weather-seeing-the-new-crescent-moon","published","Seeing the new crescent moon","Tirmidhi, Darimi","","اللَّهُ أَكْبَرُ، اللَّهُمَّ أَهِلَّهُ عَلَيْنَا بِالْأَمْنِ وَالْإِيمَانِ",""
"weather-if-rain-becomes-excessive-or-harmful","published","If rain becomes excessive or harmful","Bukhari","","اللَّهُمَّ حَوَالَيْنَا وَلَا عَلَيْنَا، اللَّهُمَّ عَلَى الْآكَامِ وَالظِّرَابِ وَبُطُونِ الْأَوْدِيَةِ وَمَنَابِتِ الشَّجَرِ",""
"anxiety-for-anxiety-and-sorrow","published","For anxiety and sorrow","Bukhari","","اللَّهُمَّ إِنِّي أَعُوذُ بِكَ مِنَ الْهَمِّ وَالْحَزَنِ، وَالْعَجْزِ وَالْكَسَلِ، وَالْبُخْلِ وَالْجُبْنِ",""
"anxiety-dua-of-yunus-in-the-belly-of-the-whale","published","Dua of Yunus, in the belly of the whale","Qur'an 21:87","3505","لَا إِلَٰهَ إِلَّا أَنْتَ سُبْحَانَكَ إِنِّي كُنْتُ مِنَ الظَّالِمِينَ",""
"anxiety-when-overwhelmed-by-a-matter","published","When overwhelmed by a matter","Abu Dawud","","حَسْبِيَ اللَّهُ لَا إِلَهَ إِلَّا هُوَ عَلَيْهِ تَوَكَّلْتُ وَهُوَ رَبُّ الْعَرْشِ الْعَظِيمِ",""
"anxiety-for-relief-from-hardship","published","For relief from hardship","Ahmad","","اللَّهُمَّ لَا سَهْلَ إِلَّا مَا جَعَلْتَهُ سَهْلًا، وَأَنْتَ تَجْعَلُ الْحَزْنَ إِذَا شِئْتَ سَهْلًا",""
"seeking-refuge-from-the-accursed-devil","published","Seeking refuge from the accursed devil","Bukhari, Muslim","5738","أَعُوذُ بِاللَّهِ مِنَ الشَّيْطَانِ الرَّجِيمِ",""
"anger-for-relief-from-debt","published","For relief from debt","Tirmidhi","","اللَّهُمَّ اكْفِنِي بِحَلَالِكَ عَنْ حَرَامِكَ، وَأَغْنِنِي بِفَضْلِكَ عَمَّنْ سِوَاكَ",""
"sickness-for-healing","published","For healing","Bukhari, Muslim","5707","اللَّهُمَّ رَبَّ النَّاسِ أَذْهِبِ الْبَاْسَ اشْفِ أَنْتَ الشَّافِي لَا شِفَاءَ إِلَّا شِفَاؤُكَ شِفَاءً لَا يُغَادِرُ سَقَمًا",""
"sickness-placing-the-hand-on-the-site-of-pain","published","Placing the hand on the site of pain","Muslim","5737","بِسْمِ اللَّهِ (×٣) أَعُوذُ بِاللَّهِ وَقُدْرَتِهِ مِنْ شَرِّ مَا أَجِدُ وَأُحَاذِرُ (×٧)",""
"sickness-visiting-the-sick","published","Visiting the sick","Abu Dawud, Tirmidhi","","لَا بَأْسَ طَهُورٌ إِنْ شَاءَ اللَّهُ",""
"sickness-seeking-refuge-for-a-child-or-loved-one","published","Seeking refuge for a child or loved one","Bukhari","","أُعِيذُكُمَا بِكَلِمَاتِ اللَّهِ التَّامَّةِ مِنْ كُلِّ شَيْطَانٍ وَهَامَّةٍ، وَمِنْ كُلِّ عَيْنٍ لَامَّةٍ",""
"sickness-talqin-instructing-the-dying","published","Talqin — instructing the dying","Muslim","","لَا إِلَهَ إِلَّا اللَّهُ",""
"grief-upon-hearing-of-a-calamity","published","Upon hearing of a calamity","Qur'an 2:156","","إِنَّا لِلَّهِ وَإِنَّا إِلَيْهِ رَاجِعُونَ",""
"grief-the-fuller-dua-for-calamity","published","The fuller dua for calamity","Muslim","2126","اللَّهُمَّ أْجُرْنِي فِي مُصِيبَتِي وَأَخْلِفْ لِي خَيْرًا مِنْهَا",""
"grief-for-a-deceased-loved-one","published","For a deceased loved one","Muslim","","اللَّهُمَّ اغْفِرْ لَهُ وَارْحَمْهُ وَعَافِهِ وَاعْفُ عَنْهُ",""
"grief-in-the-funeral-prayer-more-generally","published","In the funeral prayer, more generally","Abu Dawud, Tirmidhi, Ibn Majah","3201","اللَّهُمَّ اغْفِرْ لِحَيِّنَا وَمَيِّتِنَا، وَشَاهِدِنَا وَغَائِبِنَا، وَصَغِيرِنَا وَكَبِيرِنَا",""
"grief-for-patience-and-steadfastness","published","For patience and steadfastness","Qur'an 3:8","","رَبَّنَا لَا تُزِغْ قُلُوبَنَا بَعْدَ إِذْ هَدَيْتَنَا وَهَبْ لَنَا مِنْ لَدُنْكَ رَحْمَةً",""
"grief-upon-closing-the-eyes-of-one-who-has-died","published","Upon closing the eyes of one who has died","Muslim","2130","اللَّهُمَّ اغْفِرْ لِـ[فُلَانٍ] وَارْفَعْ دَرَجَتَهُ فِي الْمَهْدِيِّينَ، وَاخْلُفْهُ فِي عَقِبِهِ فِي الْغَابِرِينَ، وَاغْفِرْ لَنَا وَلَهُ يَا رَبَّ الْعَالَمِينَ، وَافْسَحْ لَهُ فِي قَبْرِهِ وَنَوِّرْ لَهُ فِيهِ",""
"grief-placing-the-deceased-into-the-grave","published","Placing the deceased into the grave","Abu Dawud, Tirmidhi","","بِسْمِ اللَّهِ وَعَلَى مِلَّةِ رَسُولِ اللَّهِ",""
"knowledge-for-increase-in-knowledge","published","For increase in knowledge","Qur'an 20:114","","رَبِّ زِدْنِي عِلْمًا",""
"knowledge-before-studying-or-seeking-benefit","published","Before studying or seeking benefit","Tirmidhi, Ibn Majah","","اللَّهُمَّ انْفَعْنِي بِمَا عَلَّمْتَنِي، وَعَلِّمْنِي مَا يَنْفَعُنِي",""
"knowledge-istikharah-seeking-guidance-in-a-decision","published","Istikharah — seeking guidance in a decision","Bukhari","1166","اللَّهُمَّ إِنِّي أَسْتَخِيرُكَ بِعِلْمِكَ وَأَسْتَقْدِرُكَ بِقُدْرَتِكَ، وَأَسْأَلُكَ مِنْ فَضْلِكَ الْعَظِيمِ، فَإِنَّكَ تَقْدِرُ وَلَا أَقْدِرُ وَتَعْلَمُ وَلَا أَعْلَمُ وَأَنْتَ عَلَّامُ الْغُيُوبِ، اللَّهُمَّ إِنْ كُنْتَ تَعْلَمُ أَنَّ هَذَا الأَمْرَ خَيْرٌ لِي فِي دِينِي وَمَعَاشِي وَعَاقِبَةِ أَمْرِي (أَوْ قَالَ عَاجِلِ أَمْرِي وَآجِلِهِ) فَاقْدُرْهُ لِي وَيَسِّرْهُ لِي ثُمَّ بَارِكْ لِي فِيهِ، وَإِنْ كُنْتَ تَعْلَمُ أَنَّ هَذَا الأَمْرَ شَرٌّ لِي فِي دِينِي وَمَعَاشِي وَعَاقِبَةِ أَمْرِي (أَوْ قَالَ فِي عَاجِلِ أَمْرِي وَآجِلِهِ) فَاصْرِفْهُ عَنِّي وَاصْرِفْنِي عَنْهُ، وَاقْدُرْ لِي الْخَيْرَ حَيْثُ كَانَ ثُمَّ أَرْضِنِي بِهِ",""
"repentance-general-seeking-of-forgiveness","published","General seeking of forgiveness","Abu Dawud, Tirmidhi","3577","أَسْتَغْفِرُ اللَّهَ الْعَظِيمَ الَّذِي لَا إِلَهَ إِلَّا هُوَ الْحَيُّ الْقَيُّومُ وَأَتُوبُ إِلَيْهِ",""
"repentance-adam-and-hawwas-repentance","published","Adam and Hawwa's repentance","Qur'an 7:23","","رَبَّنَا ظَلَمْنَا أَنْفُسَنَا وَإِنْ لَمْ تَغْفِرْ لَنَا وَتَرْحَمْنَا لَنَكُونَنَّ مِنَ الْخَاسِرِينَ",""
"hajj-the-talbiyah","published","The Talbiyah","Bukhari, Muslim","","لَبَّيْكَ اللَّهُمَّ لَبَّيْكَ، لَبَّيْكَ لَا شَرِيكَ لَكَ لَبَّيْكَ، إِنَّ الْحَمْدَ وَالنِّعْمَةَ لَكَ وَالْمُلْكَ، لَا شَرِيكَ لَكَ",""
"hajj-between-the-black-stone-and-yemeni-corner","published","Between the Black Stone and Yemeni Corner","Qur'an 2:201, Abu Dawud","","رَبَّنَا آتِنَا فِي الدُّنْيَا حَسَنَةً وَفِي الْآخِرَةِ حَسَنَةً وَقِنَا عَذَابَ النَّارِ",""
"hajj-atop-safa-and-marwa","published","Atop Safa and Marwa","Muslim","","لَا إِلَهَ إِلَّا اللَّهُ وَحْدَهُ لَا شَرِيكَ لَهُ، لَهُ الْمُلْكُ وَلَهُ الْحَمْدُ، وَهُوَ عَلَى كُلِّ شَيْءٍ قَدِيرٌ",""
"hajj-the-best-dua-on-the-day-of-arafah","published","The best dua, on the Day of Arafah","Tirmidhi","","لَا إِلَهَ إِلَّا اللَّهُ وَحْدَهُ لَا شَرِيكَ لَهُ، لَهُ الْمُلْكُ وَلَهُ الْحَمْدُ، وَهُوَ عَلَى كُلِّ شَيْءٍ قَدِيرٌ",""
"social-greeting-a-fellow-muslim","published","Greeting a fellow Muslim","Sunnah greeting","","السَّلَامُ عَلَيْكُمْ وَرَحْمَةُ اللَّهِ وَبَرَكَاتُهُ",""
"social-responding-to-someone-who-sneezes-and-praises-allah","published","Responding to someone who sneezes and praises Allah","Bukhari","","يَرْحَمُكَ اللَّهُ",""
"social-expiation-at-the-end-of-a-gathering","published","Expiation at the end of a gathering","Tirmidhi, al-Hakim","","سُبْحَانَكَ اللَّهُمَّ وَبِحَمْدِكَ، أَشْهَدُ أَنْ لَا إِلَهَ إِلَّا أَنْتَ، أَسْتَغْفِرُكَ وَأَتُوبُ إِلَيْكَ",""
"social-congratulating-a-newly-married-couple","published","Congratulating a newly married couple","Abu Dawud, Tirmidhi, Ibn Majah","","بَارَكَ اللَّهُ لَكَ، وَبَارَكَ عَلَيْكَ، وَجَمَعَ بَيْنَكُمَا فِي خَيْرٍ",""
"social-upon-sneezing-said-by-the-sneezer-himself","published","Upon sneezing, said by the sneezer himself","Bukhari","","الْحَمْدُ لِلَّهِ",""
"social-replying-to-may-allah-forgive-you-and-us","published","Replying to 'may Allah forgive you and us'","General Sunnah reply","","غَفَرَ اللَّهُ لَنَا وَلَكُمْ",""
"social-for-someone-who-has-done-you-a-favor","published","For someone who has done you a favor","Tirmidhi","","جَزَاكَ اللَّهُ خَيْرًا",""
"social-reply-when-told-i-love-you-for-allahs-sake","published","Reply when told 'I love you for Allah's sake'","Abu Dawud","","أَحَبَّكَ الَّذِي أَحْبَبْتَنِي لَهُ",""
"social-to-dispel-a-superstitious-omen","published","To dispel a superstitious omen","Ahmad","","اللَّهُمَّ لَا خَيْرَ إِلَّا خَيْرُكَ، وَلَا طَيْرَ إِلَّا طَيْرُكَ، وَلَا إِلَهَ غَيْرُكَ",""
"quranic-seeking-forgiveness-for-shortcomings","published","Seeking forgiveness for shortcomings","Qur'an 3:147","","رَبَّنَا اغْفِرْ لَنَا ذُنُوبَنَا وَإِسْرَافَنَا فِي أَمْرِنَا",""
"quranic-for-mistakes-and-forgetfulness","published","For mistakes and forgetfulness","Qur'an 2:286","","رَبَّنَا لَا تُؤَاخِذْنَا إِنْ نَسِينَا أَوْ أَخْطَأْنَا",""
"quranic-for-ease-and-openness-of-heart","published","For ease and openness of heart","Qur'an 20:25-26","","رَبِّ اشْرَحْ لِي صَدْرِي وَيَسِّرْ لِي أَمْرِي",""
"quranic-for-gratitude","published","For gratitude","Qur'an 27:19","","رَبِّ أَوْزِعْنِي أَنْ أَشْكُرَ نِعْمَتَكَ الَّتِي أَنْعَمْتَ عَلَيَّ",""
"market-entering-the-marketplace","published","Entering the marketplace","Tirmidhi, Ibn Majah, al-Hakim","","لَا إِلَهَ إِلَّا اللَّهُ وَحْدَهُ لَا شَرِيكَ لَهُ، لَهُ الْمُلْكُ وَلَهُ الْحَمْدُ، يُحْيِي وَيُمِيتُ، وَهُوَ حَيٌّ لَا يَمُوتُ، بِيَدِهِ الْخَيْرُ، وَهُوَ عَلَى كُلِّ شَيْءٍ قَدِيرٌ",""
"market-for-beneficial-provision-after-fajr","published","For beneficial provision, after Fajr","Ibn Majah","","اللَّهُمَّ إِنِّي أَسْأَلُكَ عِلْمًا نَافِعًا، وَرِزْقًا طَيِّبًا، وَعَمَلًا مُتَقَبَّلًا",""
"faith-when-troubled-by-doubts-about-faith","published","When troubled by doubts about faith","Bukhari, Muslim","","آمَنْتُ بِاللَّهِ وَرُسُلِهِ",""
"wyn-0001-subhan-allahi-wa-bi-hamdihi-subhan-allahil-azim","draft","Subhan Allahi wa bi hamdihi subhan Allahil 'azim","Sahih Muslim 6846","6846","",""
"wyn-0002-allahu-akbaru-kabira-n-w-wal-hamdulillahi-kathir","draft","Allahu Akbaru kabira(n)w wal hamdulillahi kathira(n)w wa subhan Allahi bukrata(n)w wa asila","Sahih Muslim 1358","1358","",""
"wyn-0005-subhan-allahi-wa-bi-hamdihi-adada-khalqihi-wa-ri","draft","Subhan Allahi wa bi hamdihi 'adada khalqihi, wa rida nafsihi, wa zinata 'arshihi, wa midada kalimatihi","Sahih Muslim 6913","6913","",""
"wyn-0008-asbahna-ala-fitratil-islam-wa-ala-kalimatil-ikhl","draft","Asbahna 'ala fitratil islam, wa 'ala kalimatil ikhlas...","Musnad Ahmad 15360, 15363 (vol. 24)","","",""
"wyn-0009-allahumma-fatiras-samawati-wal-ard-alimal-ghaibi","draft","Allahumma fatiras samawati wal ard, 'alimal ghaibi wash shahada...","Jami' at-Tirmidhi 3529","3529","",""
"wyn-0014-allahumma-afini-fi-badani-allahumma-afini-fi-sam","draft","Allahumma 'afini fi badani, Allahumma 'afini fi sam'i...","Sunan Abu Dawud 5090","5090","",""
"wyn-0015-allahumma-inni-audhu-bika-minal-kufri-wal-faqr","draft","Allahumma inni a'udhu bika minal kufri wal faqr...","Sunan Abu Dawud 5090","5090","",""
"wyn-0016-ya-hayyu-ya-qayyumu-bi-rahmatika-astaghithu-asli","draft","Ya Hayyu Ya Qayyumu bi rahmatika astaghithu, aslih li sha'ni kullahu...","al-Mustadrak (al-Hakim) 2044 (vol. 2)","","",""
"wyn-0018-allahumma-inni-asalukal-afiyata-fid-dunya-wal-ak","draft","Allahumma inni as'alukal 'afiyata fid dunya wal akhirah...","Sunan Abu Dawud 5074","5074","",""
"wyn-0023-subhanallahi-wa-bihamdihi","draft","SubhanAllahi wa bihamdihi","Sahih Muslim 6843","6843","",""
"wyn-0024-astaghfirullah","draft","Astaghfirullah","al-Mu'jam al-Awsat (at-Tabarani) 3749 (vol. 4)","","",""
"wyn-0025-samia-samiun-bi-hamdillahi-wa-husni-balaihi-alai","draft","Sami'a sami'un bi hamdillahi wa husni bala'ihi 'alaina (Supplication of a Traveller in the Morning)","Sahih Muslim 6900","6900","",""
"wyn-0026-allahumma-inni-audhu-bika-min-munkaratil-akhlaqi","draft","Allahumma inni a'udhu bika min munkaratil akhlaqi wal a'mali wal ahwa'","Jami' at-Tirmidhi 3591","3591","",""
"wyn-0027-allahumma-inni-audhu-bika-min-sharri-ma-amiltu-w","draft","Allahumma inni a'udhu bika min sharri ma 'amiltu wa min sharri ma lam a'mal","Sahih Muslim 6895","6895","",""
"wyn-0028-allahumma-inni-audhu-bika-minal-barasi-wal-junun","draft","Allahumma inni a'udhu bika minal barasi wal jununi wal judhami wa sayyi'il asqam","Sunan Abu Dawud 1554","1554","",""
"wyn-0029-allahumma-inni-audhu-bika-min-diqid-dunya-wa-diq","draft","Allahumma inni a'udhu bika min diqid dunya wa diqi yawmil qiyamah","Sunan Abu Dawud 5085","5085","",""
"wyn-0030-allahumma-inni-audhu-bika-min-qawlin-la-yusmau-w","draft","Allahumma inni a'udhu bika min qawlin la yusma'u wa 'amalin la yurfa'u...","Musnad Ahmad 13003 (vol. 20)","","",""
"wyn-0032-allahumma-inni-audhu-bika-min-jahdil-balai-wa-da","draft","Allahumma inni a'udhu bika min jahdil bala'i wa darakish shaqa'i...","Sahih al-Bukhari 6347","6347","",""
"wyn-0033-allahumma-inni-audhu-bika-minal-faqri-wal-qillat","draft","Allahumma inni a'udhu bika minal faqri wal qillati wadh dhillati...","Sunan Abu Dawud 1544","1544","",""
"wyn-0034-allahumma-inni-audhu-bika-min-zawali-nimatika-wa","draft","Allahumma inni a'udhu bika min zawali ni'matika wa tahawwuli 'afiyatika...","Sahih Muslim 6943","","",""
"wyn-0035-allahumma-inni-audhu-bika-min-sharri-sami-wa-min","draft","Allahumma inni a'udhu bika min sharri sam'i wa min sharri basari...","Sunan Abu Dawud 1551","1551","",""
"wyn-0036-allahumma-inni-audhu-bika-min-ilmin-la-yanfau","draft","Allahumma inni a'udhu bika min 'ilmin la yanfa'u...","Sahih Muslim 6906","6906","",""
"wyn-0037-allahumma-inni-audhu-bika-minal-jui-minal-khiyan","draft","Allahumma inni a'udhu bika minal ju'i... minal khiyanah","Sunan Abu Dawud 1547","1547","",""
"wyn-0038-allahumma-inni-audhu-bika-minal-ajzi-wal-kasali","draft","Allahumma inni a'udhu bika minal 'ajzi wal kasali wal jubni wal harami wal bukhli... fitnatil mahya wal mamat","Sahih Muslim 6873","6873","",""
"wyn-0039-allahumma-inni-audhu-bika-min-yawmis-sui-wa-min","draft","Allahumma inni a'udhu bika min yawmis su'i wa min lailatis su'i...","al-Mu'jam al-Kabir (at-Tabarani) 801 (vol. 17)","","",""
"wyn-0040-audhu-billahi-an-uradda-ila-ardhalil-umuri","draft","A'udhu billahi an uradda ila ardhalil 'umuri...","Sahih Ibn Hibban 1011 (vol. 3)","","",""
"wyn-0042-allahumma-inni-audhu-bika-minat-taraddi-wal-hadm","draft","Allahumma inni a'udhu bika minat taraddi wal hadmi wal gharaqi wal hariq...","Sunan an-Nasa'i 5533","5533","",""
"wyn-0043-allahumma-inni-audhu-bika-minal-ajzi-wal-kasali","draft","Allahumma inni a'udhu bika minal 'ajzi wal kasali wal jubni wal bukhli wal harami wal qaswati wal ghaflati wal 'ailati...(long form)","al-Mustadrak (al-Hakim) 1987 (vol. 2)","","",""
"wyn-0044-allahumma-inni-audhu-bika-min-jaris-sui-wa-min-z","draft","Allahumma inni a'udhu bika min jaris su'i wa min zawjin tushayyibuni qabla mashibi...","al-Silsilah as-Sahihah (al-Albani) 3137","","",""
"wyn-0045-allahumma-laka-aslamtu-wa-bika-amantu-wa-alaika","draft","Allahumma laka aslamtu wa bika amantu wa 'alaika tawakkaltu...","Sahih Muslim 6899","6899","",""
"wyn-0046-allahumma-rabbas-samawati-wa-rabbal-ardi-wa-rabb","draft","Allahumma Rabbas samawati wa Rabbal ardi wa Rabbal 'arshil 'azim... (Qad-ad-dain wa aghnina minal faqr)","Sahih Muslim 6889","6889","",""
"wyn-0048-allahummak-finihim-bima-shita","draft","Allahummak finihim bima shi'ta","Sahih Muslim 7511","7511","",""
"wyn-0049-allahumma-inna-najaluka-fi-nuhurihim-wa-naudhubi","draft","Allahumma inna naj'aluka fi nuhurihim wa na'udhubika min shururihim","Sunan Abu Dawud 1537","1537","",""
"wyn-0051-allahumma-mattini-bisami-wa-basari-wajalhumal-wa","draft","Allahumma matti'ni bisam'i wa basari waj'alhumal waritha minni...","Jami' at-Tirmidhi 3604/7 (printed)","","",""
"wyn-0052-allahumma-rabbas-samawatis-sabi-wa-rabbal-arshil","draft","Allahumma rabbas samawatis sab'i wa rabbal 'arshil 'azim, kun li jaran min fulanibni fulan...","al-Adab al-Mufrad (al-Bukhari) 707","707","",""
"wyn-0053-allahu-akbar-allahu-aazzu-min-khalqihi-jamian-th","draft","Allahu Akbar, Allahu a'azzu min khalqihi jami'an... (Three times)","al-Adab al-Mufrad (al-Bukhari) 708","708","",""
"wyn-0059-spit-on-the-left-side-three-times-and-read-audhu","draft","Spit on the left side three times and read: A'udhu billahi min sharrish shaitani wa sharriha","Sahih Muslim 5903","5903","",""
"wyn-0066-audhu-billahis-samiil-alimi-minash-shaitanir-raj","draft","A'udhu billahis sami'il 'alimi minash shaitanir rajimi min hamzihi wa nafkhihi wa nafthihi","Sunan Abu Dawud 775","775","",""
"wyn-0067-huwal-awwalu-wal-akhiru-waz-zahiru-wal-batinu-wa","draft","Huwal awwalu wal akhiru waz zahiru wal batinu wa huwa bikulli shai'in 'alim","Sunan Abu Dawud 5110","5110","",""
"wyn-0068-allahu-akbar-allahu-akbar-allahu-akbar-alhamdu-l","draft","Allahu akbar, Allahu akbar, Allahu akbar, alhamdu lillahil ladhi radda kaidahu ilal waswasah","Sunan Abu Dawud 5112","5112","",""
"wyn-0072-bismillahi-arqika-min-kulli-shaiin-yudhika-min-s","draft","Bismillahi arqika min kulli shai'in yu'dhika min sharri kulli nafsin aw 'aini hasid, Allahu yashfika, bismillahi arqika","Sahih Muslim 5700","5700","",""
"wyn-0073-bismillahi-yubrika-wa-min-kulli-dain-yashfika-wa","draft","Bismillahi yubrika wa min kulli da'in yashfika wa min sharri hasidin idha hasada wa min sharri kulli dhi 'ain","Sahih Muslim 5699","5699","",""
"wyn-0080-audhu-billahis-samiil-alimi-min-ash-shaitanir-ra","draft","A'udhu billahis Sami'il 'Alimi min ash shaitanir rajimi min hamzihi wa nafkhihi wa nafthihi","Sunan Abu Dawud 775","775","",""
"wyn-0081-audhu-billahil-azimi-biwajhihil-karimi-wa-sultan","draft","A'udhu billahil 'azimi biwajhihil karimi wa sultanihil qadimi minash shaitanir rajim","Sunan Abu Dawud 466","466","",""
"wyn-0095-asalullahal-azima-rabbal-arshil-azimi-an-yashfiy","draft","As'alullahal 'azima Rabbal 'arshil 'azimi an yashfiyaka","Sunan Abu Dawud 3106","3106","",""
"wyn-0101-allahumma-afihi-allahummash-fihi","draft","Allahumma 'afihi / Allahummash-fihi","Musnad Ahmad 637 (vol. 2)","","",""
"wyn-0105-alhamdu-lillahil-ladhi-afani-mimmabtalaka-bihi-w","draft","Alhamdu lillahil ladhi 'afani mimmabtalaka bihi wa faddalani 'ala kathirin mimman khalaqa tafdila","Jami' at-Tirmidhi 3432","3432","",""
"wyn-0107-allahumma-abduka-wabnu-amatika-ihtaja-ila-rahmat","draft","Allahumma 'abduka wabnu amatika, ihtaja ila rahmatika...","al-Mustadrak (al-Hakim) 1368 (vol. 1)","","",""
"wyn-0108-allahumma-inna-fulanabna-fulanin-fi-dhimmatika-w","draft","Allahumma inna fulanabna fulanin fi dhimmatika wa habli jiwarika...","Sunan Abu Dawud 3202","3202","",""
"wyn-0112-allahumma-aidh-hu-min-adhabil-qabr-for-a-decease","draft","Allahumma a'idh-hu min 'adhabil qabr (For a Deceased Child)","al-Muwatta (Malik) Jana'iz 18","","",""
"wyn-0113-allahummajalhu-lana-salafan-wa-faratan-wa-ajran","draft","Allahummaj'alhu lana salafan wa faratan wa ajran (For a Deceased Child)","Sahih al-Bukhari, Book of Funeral Prayers, Chapter 65 (chapter heading; no hadith number printed)","","",""
"wyn-0115-allahummaghfirli-dhanbi","draft","Allahummaghfirli dhanbi","Sahih Muslim 6986","6986","",""
"wyn-0116-rabbighfirli-khatiati-yawmad-din","draft","Rabbighfirli khati'ati yawmad din","Sahih Muslim 518","518","وَٱلَّذِىٓ أَطْمَعُ أَن يَغْفِرَ لِى خَطِيٓـَٔتِى يَوْمَ ٱلدِّينِ",""
"wyn-0123-rabbighfirli-wa-tub-alayya-innaka-antat-tawwabur","draft","Rabbighfirli wa tub 'alayya innaka antat tawwabur rahim","Sunan Abu Dawud 1516","1516","",""
"wyn-0126-allahummaghfirli-dhanbi-wa-yassirli-amri-wa-bari","draft","Allahummaghfirli dhanbi wa yassirli amri wa barik li fi rizqi","Musannaf Ibn Abi Shaybah 3047 (vol. 2)","","",""
"wyn-0128-allahummaghfirli-warhamni-wa-tub-alayya-innaka-a","draft","Allahummaghfirli warhamni wa tub 'alayya innaka antat tawwabur rahim","Musnad Ahmad 5354 (vol. 9)","","",""
"wyn-0129-allahummaghfirli-ma-akhtatu-wa-ma-taammadtu-wa-m","draft","Allahummaghfirli ma akhta'tu wa ma ta'ammadtu wa ma asrartu wa ma a'lantu wa ma jahiltu","Musnad Ahmad 19925 (vol. 33)","","",""
"wyn-0130-allahummaghfirli-wakhsa-shaitani-wa-fukka-rihani","draft","Allahummaghfirli wakhsa' shaitani wa fukka rihani wa thaqqil mizani waj'alni fin nadiyyil a'la","al-Mustadrak (al-Hakim) 2026 (vol. 2)","","",""
"wyn-0131-allahumma-inni-asaluka-ya-allahul-ahadus-samadul","draft","Allahumma inni as'aluka ya Allahul Ahadus Samadul ladhi lam yalid... an taghfirali dhunubi innaka Antal Ghafurur Rahim","Sunan Abu Dawud 1517 (as printed; see notes)","","",""
"wyn-0132-allahummaghfirli-khatiati-wa-jahli-wa-israfi-fi","draft","Allahummaghfirli khati'ati wa jahli wa israfi fi amri wa ma anta a'lamu bihi minni...","Sahih al-Bukhari 6399","6399","",""
"wyn-0133-allahummaghfirli-ma-qaddamtu-wa-ma-akh-khartu-wa","draft","Allahummaghfirli ma qaddamtu wa ma akh-khartu wa ma asrartu wa ma a'lantu wa ma asraftu...","Sahih Muslim 1812","1812","",""
"wyn-0135-allahumma-inni-asalukath-thabata-fil-amri-wal-az","draft","Allahumma inni as'alukath thabata fil amri wal 'azimata 'alar rushdi...","al-Mu'jam al-Kabir (at-Tabarani) 7135 (vol. 7)","","",""
"wyn-0137-subhanakallahumma-rabbana-wa-bihamdika-allahumma","draft","SubhanakAllahumma Rabbana wa bihamdika, Allahummaghfirli","Sahih Muslim 1085","1085","",""
"wyn-0138-allahummaghfirli-dhanbi-kullahu-diqqahu-wa-jilla","draft","Allahummaghfirli dhanbi kullahu diqqahu wa jillahu wa awwalahu wa akhirahu wa 'alaniyatahu wa sirrahu","Sahih Muslim 1084","1084","",""
"wyn-0139-allahumma-inni-zalamtu-nafsi-zulman-kathiran-wa","draft","Allahumma inni zalamtu nafsi zulman kathiran, wa la yaghfirudh dhunuba illa Anta...","Sahih Muslim 6842 (as printed; see notes)","","",""
"wyn-0140-rabbighfirli-wa-tub-alaiya-innaka-antat-tawwabul","draft","Rabbighfirli wa tub 'alaiya innaka Antat Tawwabul Ghafur","Jami' at-Tirmidhi 3434","3434","",""
"wyn-0142-astaghfirullah","draft","Astaghfirullah","Musnad Ahmad 23953 (vol. 39)","","",""
"wyn-0143-la-ilaha-illallah","draft","La ilaha illAllah","al-Silsilah as-Sahihah (al-Albani) 1932","","",""
"wyn-0144-la-hawla-wa-la-quwwata-illa-billah","draft","La hawla wa la quwwata illa billah","Sahih at-Targhib wa't-Tarhib (al-Albani) (no number printed)","","",""
"wyn-0148-allahu-allahu-rabbi-la-ushriku-bihi-shaian","draft","Allahu, Allahu Rabbi la ushriku bihi shai'an","Sunan Abu Dawud 1525","1525","",""
"wyn-0149-ya-hayyu-ya-qayyumu-bi-rahmatika-astaghith","draft","Ya Hayyu ya Qayyumu bi rahmatika astaghith","Sahih Muslim 6851","6851","",""
"wyn-0153-allahumma-rahmataka-arju-fala-takilni-ila-nafsi","draft","Allahumma rahmataka arju fala takilni ila nafsi tarfata 'ainin wa aslih li sha'ni kullahu la ilaha illa Anta","Sunan Abu Dawud 5090","5090","",""
"wyn-0154-la-ilaha-illallahul-azimul-halimu-la-ilaha-illal","draft","La ilaha illAllahul 'Azimul Halimu, la ilaha illAllahu Rabbul 'arshil 'azimi...","Sahih al-Bukhari 6346","6346","",""
"wyn-0155-la-ilaha-illallahul-halimul-karimu-subhanallahi","draft","La Ilaha IllAllahul Halimul Karimu, SubhanAllahi wa TabarakAllahu, Rabbul 'arshil 'azimi wal hamdu lillahi Rabbil 'alamin","al-Mustadrak (al-Hakim) 1916","","",""
"wyn-0156-allahumma-inni-abduka-ibnu-abdika-ibnu-amatika-n","draft","Allahumma Inni 'abduka, ibnu 'abdika, ibnu amatika, nasiyati biyadika...","Musnad Ahmad 3712 (vol. 6) | Jami' at-Tirmidhi 2457","","",""
"wyn-0157-subhanallahi-wal-hamdulillahi-wa-la-ilaha-illall","draft","SubhanAllahi wal hamdulillahi, wa la ilaha illAllahu wAllahu akbar","Sahih Muslim 6847","6847","",""
"wyn-0159-ya-badias-samawati-ya-hayyu-ya-qayyumu-inni-asal","draft","Ya Badi'as samawati, ya Hayyu ya Qayyumu, inni as'aluka","al-Adab al-Mufrad (al-Bukhari) 705","705","",""
"wyn-0160-allahumma-inni-asaluka-bi-anni-ash-hadu-annaka-a","draft","Allahumma inni as'aluka bi anni ash-hadu annaka antAllahu, la ilaha illa Antal Ahadus Samad...","Jami' at-Tirmidhi 3475","3475","",""
"wyn-0161-allahumma-inni-asaluka-bi-anna-lakal-hamda-la-il","draft","Allahumma inni as'aluka bi anna lakal hamda, la ilaha illa Antal Mannanu Badi'us samawati wal ardi, ya Dhal Jalali wal Ikrami ya Hayyu ya Qayyum","Sunan Abu Dawud 1495","1495","",""
"wyn-0162-la-ilaha-illallahu-wahdahu-la-sharika-lahu-alham","draft","La ilaha illAllahu wahdahu la sharika lahu... alhamdulillahi wa subhanAllahi... Allahummaghfirli","Sahih al-Bukhari 1154","1154","",""
"wyn-0163-allahu-akbar","draft","Allahu akbar","Sahih al-Bukhari 843","","",""
"wyn-0166-rabbi-ainni-ala-dhikrika-wa-shukrika-wa-husni-ib","draft","Rabbi a'inni 'ala dhikrika wa shukrika wa husni 'ibadatika","Sunan an-Nasa'i 1304","","",""
"wyn-0168-la-ilaha-illallahu-wahdahu-la-sharika-lahu-allah","draft","La ilaha illAllahu wahdahu la sharika lahu... Allahumma la mani'a lima a'taita...","Sahih al-Bukhari 6330","6330","",""
"wyn-0169-allahummaghfirli-ma-qaddamtu-wa-ma-akh-khartu-wa","draft","Allahummaghfirli ma qaddamtu wa ma akh-khartu wa ma asrartu wa ma a'lantu wa ma asraftu...","Sunan Abu Dawud 760","760","",""
"wyn-0170-la-ilaha-illallahu-wahdahu-la-sharika-lahu-la-ha","draft","La ilaha illAllahu wahdahu la sharika lahu... la hawla wa la quwwata illa billah, la ilaha illAllahu wa la na'budu illa iyyahu...","Sahih Muslim 1343","1343","",""
"wyn-0171-allahumma-inni-audhu-bika-minal-jubni-wa-audhu-b","draft","Allahumma inni a'udhu bika minal jubni wa a'udhu bika an uradda ila ardhalil 'umuri...","Sahih al-Bukhari 2822","2822","",""
"wyn-0172-subhan-allah-33-alhamdulillah-33-allahu-akbar-34","draft","Subhan Allah (33), Alhamdulillah (33), Allahu akbar (34)","Sahih Muslim 1349","1349","",""