canonical_dua_id,iqs_dua_id,category,dua_title,arabic_status,translation_status,transliteration_status,reference_status,repetition_status,wyn_match_status,source,source_reference,correction_required,correction_notes,verified,wyn_section,confidence,needs_review,quran_ref,hadith_ref,hadith_grade_printed,match_notes
WYN-0001,,hamd-o-sana,Subhan Allahi wa bi hamdihi subhan Allahil 'azim,absent_in_iqs,absent_in_iqs,absent_in_iqs,verified,not_specified,missing,"Wa Iyyaka Nastaeen (Al-Huda), English 1st ed. 2013 inventory",Sahih Muslim 6846,false,Not in IQS: add as a new dua.,false,Hamd o Sana (Praise and Glorification),high,false,None identified,Sahih Muslim 6846,not graded in book (Sahihayn),No IQS dua with this wording (no Hamd o Sana category in IQS).
WYN-0002,,hamd-o-sana,Allahu Akbaru kabira(n)w wal hamdulillahi kathira(n)w wa subhan Allahi bukrata(n)w wa asila,absent_in_iqs,absent_in_iqs,absent_in_iqs,verified,not_specified,missing,"Wa Iyyaka Nastaeen (Al-Huda), English 1st ed. 2013 inventory",Sahih Muslim 1358,false,Not in IQS: add as a new dua.,false,Hamd o Sana (Praise and Glorification),high,false,None identified,Sahih Muslim 1358,not graded in book (Sahihayn),No IQS equivalent.
WYN-0003,salah#7,durood-sharif,Allahumma salli 'ala Muhammadi(n)w wa 'ala ali Muhammad,different_dua_in_iqs,different_dua_in_iqs,different_dua_in_iqs,mismatch_in_source,not_specified,similar_not_same,"Wa Iyyaka Nastaeen (Al-Huda), English 1st ed. 2013 inventory",Sunan an-Nasa'i 1293,false,Source reference flagged as mismatch in the inventory; do not copy the printed number without checking.,false,Durood Sharif (Peace and Blessings upon the Messenger),low,true,None identified,Sunan an-Nasa'i 1293,Sahih,Short salawat on the Prophet and his family. IQS salah#7 (Salat Ibrahimiyyah) starts with the same words but is the longer Ibrahimic form. Inventory flags the printed N 1293 reference as a mismatch in source. | Inventory: REFERENCE CHECK: Printed N 1293 resolves to Abu Sa'id al-Khudri's salawat narration (sunnah.com confirmed). The Zaid bin Kharijah narration the book describes is Sunan an-Nasa'i 1292. Requires verification of the book's numbering.
WYN-0004,salah#7,durood-sharif,Allahumma salli 'ala Muhammadin 'abdika wa rasulika kama sallaita 'ala Ibrahima (Ibrahimic salawat),present_unverified_against_source,present_english_only (no Urdu translation in IQS),present_latin_in_iqs,verified,not_specified,same_dua_diff_category,"Wa Iyyaka Nastaeen (Al-Huda), English 1st ed. 2013 inventory",Sahih al-Bukhari 6358,false,Add category mapping durood-sharif (IQS currently holds it under salah); use one canonical dua with multiple category mappings.,false,Durood Sharif (Peace and Blessings upon the Messenger),medium,false,None identified,Sahih al-Bukhari 6358,not graded in book (Sahihayn),"WYN opening ""salli ala Muhammadin abdika wa rasulika kama sallaita ala Ibrahima"" (Bukhari). IQS salah#7 is the Salat Ibrahimiyyah (Bukhari) under In the prayer; wording may differ slightly. Confirm wording against the Arabic text."
WYN-0005,,morning-and-evening,"Subhan Allahi wa bi hamdihi 'adada khalqihi, wa rida nafsihi, wa zinata 'arshihi, wa midada kalimatihi",absent_in_iqs,absent_in_iqs,absent_in_iqs,verified,wyn_count_not_in_iqs,missing,"Wa Iyyaka Nastaeen (Al-Huda), English 1st ed. 2013 inventory",Sahih Muslim 6913,false,Not in IQS: add as a new dua.,false,Morning and Evening Adhkar,high,false,None identified,Sahih Muslim 6913,not graded in book (Sahihayn),No IQS equivalent.
WYN-0006,evening#2,evening,Ayat al-Kursi (Allahu la ilaha illa huwal hayyul qayyum...),iqs_truncated,present_english_only (no Urdu translation in IQS),iqs_truncated,partially_verified,wyn_count_iqs_missing,same_source_incomplete_text,"Wa Iyyaka Nastaeen (Al-Huda), English 1st ed. 2013 inventory",Q 2:255 [printed in book] ; al-Mu'jam al-Kabir (at-Tabarani) 541 (vol. 1),true,Complete the IQS Arabic/transliteration text (evening#2).,false,Morning and Evening Adhkar,high,false,Q 2:255 [printed in book],al-Mu'jam al-Kabir (at-Tabarani) 541 (vol. 1),Sahih,"Ayat al-Kursi. IQS evening#2 stops at ""la ta'khudhuhu sinatun wa la nawm"" (verified truncation); sleep#2 duplicates it. Qur'an 2:255 reference matches."
WYN-0007,morning#1,morning,"Allahumma bika asbahna wa bika amsaina, wa bika nahya, wa bika namutu wa ilaikal masir (evening variant: ...bika amsaina wa bika asbahna... wa ilaikan nushur)",present_unverified_against_source,present_english_only (no Urdu translation in IQS),present_latin_in_iqs,verified,wyn_count_iqs_missing,exact_match,"Wa Iyyaka Nastaeen (Al-Huda), English 1st ed. 2013 inventory",Jami' at-Tirmidhi 3391,false,,true,Morning and Evening Adhkar,high,false,None identified,Jami' at-Tirmidhi 3391,Sahih,"Same dua, Tirmidhi in both."
WYN-0008,,morning-and-evening,"Asbahna 'ala fitratil islam, wa 'ala kalimatil ikhlas...",absent_in_iqs,absent_in_iqs,absent_in_iqs,unchecked,wyn_count_not_in_iqs,missing,"Wa Iyyaka Nastaeen (Al-Huda), English 1st ed. 2013 inventory","Musnad Ahmad 15360, 15363 (vol. 24)",false,Not in IQS: add as a new dua.,false,Morning and Evening Adhkar,high,false,None identified,"Musnad Ahmad 15360, 15363 (vol. 24)",Sahih,No IQS equivalent.
WYN-0009,,morning-and-evening,"Allahumma fatiras samawati wal ard, 'alimal ghaibi wash shahada...",absent_in_iqs,absent_in_iqs,absent_in_iqs,verified,wyn_count_not_in_iqs,missing,"Wa Iyyaka Nastaeen (Al-Huda), English 1st ed. 2013 inventory",Jami' at-Tirmidhi 3529,false,Not in IQS: add as a new dua.,false,Morning and Evening Adhkar,high,false,None identified,Jami' at-Tirmidhi 3529,Sahih,No IQS equivalent.
WYN-0010,morning#0,morning,Asbahna wa asbahal mulku lillah wal hamdu lillah... (evening form: Amsaina wa amsal mulku lillah...),present_unverified_against_source,present_english_only (no Urdu translation in IQS),present_latin_in_iqs,verified,consistent,exact_match,"Wa Iyyaka Nastaeen (Al-Huda), English 1st ed. 2013 inventory",Sahih Muslim 6908,false,,true,Morning and Evening Adhkar,high,false,None identified,Sahih Muslim 6908,not graded in book (Sahihayn),IQS splits morning (morning#0) and evening (evening#0) forms of the same dua; WYN gives both forms in one entry. Muslim in both.
WYN-0011,morning#4,morning,Radhitu billahi rabba(n)w wa bil islami dina(n)w wa bi Muhammadin nabiyya,present_unverified_against_source,present_english_only (no Urdu translation in IQS),present_latin_in_iqs,unchecked,wyn_count_iqs_missing,exact_match,"Wa Iyyaka Nastaeen (Al-Huda), English 1st ed. 2013 inventory",al-Silsilah as-Sahihah (al-Albani) 2686,false,"IQS reference (""Abu Dawud, Tirmidhi"") does not overlap the WYN printed reference; review.",false,Morning and Evening Adhkar,high,false,None identified,al-Silsilah as-Sahihah (al-Albani) 2686,not printed,"Same dua. IQS cites Abu Dawud/Tirmidhi; WYN cites al-Silsilah as-Sahihah (secondary, unchecked) - reference differs."
WYN-0012,evening#1,evening,A'udhu bi kalimatillahit tammati min sharri ma khalaq,present_unverified_against_source,present_english_only (no Urdu translation in IQS),present_latin_in_iqs,verified,wyn_count_iqs_missing,exact_match,"Wa Iyyaka Nastaeen (Al-Huda), English 1st ed. 2013 inventory",Sahih Muslim 6880,false,,true,Morning and Evening Adhkar,high,false,None identified,Sahih Muslim 6880,not graded in book (Sahihayn),"Same dua, Muslim in both. IQS files it under evening (nightfall); WYN lists it for morning and evening."
WYN-0013,morning#3,morning,Bismillahil ladhi la yadurru ma' asmihi shai'un fil ardi wa la fis sama',present_unverified_against_source,present_english_only (no Urdu translation in IQS),present_latin_in_iqs,verified,consistent,exact_match,"Wa Iyyaka Nastaeen (Al-Huda), English 1st ed. 2013 inventory",Sunan Abu Dawud 5088,false,,true,Morning and Evening Adhkar,high,false,None identified,Sunan Abu Dawud 5088,Sahih,"Same dua, Abu Dawud in both; count 3 consistent."
WYN-0014,,morning-and-evening,"Allahumma 'afini fi badani, Allahumma 'afini fi sam'i...",absent_in_iqs,absent_in_iqs,absent_in_iqs,verified,wyn_count_not_in_iqs,missing,"Wa Iyyaka Nastaeen (Al-Huda), English 1st ed. 2013 inventory",Sunan Abu Dawud 5090,false,Not in IQS: add as a new dua.,false,Morning and Evening Adhkar,high,false,None identified,Sunan Abu Dawud 5090,Hasan,No IQS equivalent.
WYN-0015,,morning-and-evening,Allahumma inni a'udhu bika minal kufri wal faqr...,absent_in_iqs,absent_in_iqs,absent_in_iqs,verified,wyn_count_not_in_iqs,missing,"Wa Iyyaka Nastaeen (Al-Huda), English 1st ed. 2013 inventory",Sunan Abu Dawud 5090,false,Not in IQS: add as a new dua.,false,Morning and Evening Adhkar,high,false,None identified,Sunan Abu Dawud 5090,Hasan,No IQS equivalent.
WYN-0016,,morning-and-evening,"Ya Hayyu Ya Qayyumu bi rahmatika astaghithu, aslih li sha'ni kullahu...",absent_in_iqs,absent_in_iqs,absent_in_iqs,unchecked,wyn_count_not_in_iqs,missing,"Wa Iyyaka Nastaeen (Al-Huda), English 1st ed. 2013 inventory",al-Mustadrak (al-Hakim) 2044 (vol. 2),false,Not in IQS: add as a new dua.,false,Morning and Evening Adhkar,high,false,None identified,al-Mustadrak (al-Hakim) 2044 (vol. 2),Hasan,No IQS equivalent (WYN-0149 is a shorter related dua in another section).
WYN-0017,morning#2,morning,Allahumma anta rabbi la ilaha illa anta khalaqtani... (Sayyid al-Istighfar form),present_unverified_against_source,present_english_only (no Urdu translation in IQS),present_latin_in_iqs,verified,wyn_count_iqs_missing,exact_match,"Wa Iyyaka Nastaeen (Al-Huda), English 1st ed. 2013 inventory",Sahih al-Bukhari 6306,false,,true,Morning and Evening Adhkar,high,false,None identified,Sahih al-Bukhari 6306,not graded in book (Sahihayn),"Sayyid al-Istighfar, Bukhari in both. Same dua appears again as WYN-0134 (Istighfar section)."
WYN-0018,,morning-and-evening,Allahumma inni as'alukal 'afiyata fid dunya wal akhirah...,absent_in_iqs,absent_in_iqs,absent_in_iqs,verified,wyn_count_not_in_iqs,missing,"Wa Iyyaka Nastaeen (Al-Huda), English 1st ed. 2013 inventory",Sunan Abu Dawud 5074,false,Not in IQS: add as a new dua.,false,Morning and Evening Adhkar,high,false,None identified,Sunan Abu Dawud 5074,Sahih,No IQS equivalent.
WYN-0019,evening#3,evening,Surah al-Ikhlas (Qul huwAllahu ahad),iqs_truncated,present_english_only (no Urdu translation in IQS),iqs_truncated,verified,consistent,same_source_incomplete_text,"Wa Iyyaka Nastaeen (Al-Huda), English 1st ed. 2013 inventory",Q 112 [identified by inventory] ; Sunan Abu Dawud 5082,true,Complete the IQS Arabic/transliteration text (evening#3).,false,Morning and Evening Adhkar,high,false,Q 112 [identified by inventory],Sunan Abu Dawud 5082,Hasan,Surah al-Ikhlas. IQS evening#3 holds only Al-Ikhlas v1 (verified data error); one IQS entry stands for three WYN entries.
WYN-0020,evening#3,evening,Surah al-Falaq (Qul a'udhu bi rabbil falaq),iqs_truncated,present_english_only (no Urdu translation in IQS),iqs_truncated,verified,consistent,same_source_incomplete_text,"Wa Iyyaka Nastaeen (Al-Huda), English 1st ed. 2013 inventory",Q 113 [identified by inventory] ; Sunan Abu Dawud 5082,true,Complete the IQS Arabic/transliteration text (evening#3).,false,Morning and Evening Adhkar,high,false,Q 113 [identified by inventory],Sunan Abu Dawud 5082,Hasan,Surah al-Falaq: IQS evening#3 does not contain its Arabic text (verified data error).
WYN-0021,evening#3,evening,Surah an-Nas (Qul a'udhu bi rabbin nas),iqs_truncated,present_english_only (no Urdu translation in IQS),iqs_truncated,verified,consistent,same_source_incomplete_text,"Wa Iyyaka Nastaeen (Al-Huda), English 1st ed. 2013 inventory",Q 114 [identified by inventory] ; Sunan Abu Dawud 5082,true,Complete the IQS Arabic/transliteration text (evening#3).,false,Morning and Evening Adhkar,high,false,Q 114 [identified by inventory],Sunan Abu Dawud 5082,Hasan,Surah an-Nas: IQS evening#3 does not contain its Arabic text (verified data error).
WYN-0022,hajj#2,morning-and-evening,"La ilaha illAllahu wahdahu la sharika lahu, lahul mulku wa lahul hamdu, wa huwa 'ala kulli shai'in qadir",present_unverified_against_source,present_english_only (no Urdu translation in IQS),present_latin_in_iqs,verified,wyn_count_iqs_missing,same_dua_diff_category,"Wa Iyyaka Nastaeen (Al-Huda), English 1st ed. 2013 inventory",Sunan Abu Dawud 5077,false,"Add category mapping morning-and-evening (IQS currently holds it under hajj); use one canonical dua with multiple category mappings. IQS reference (""Muslim"") does not overlap the WYN printed reference; review.",false,Morning and Evening Adhkar,low,true,None identified,Sunan Abu Dawud 5077,Sahih,"Generic tahlil formula (La ilaha illallah wahdahu...lahu al-mulk...). Same text exists in IQS only under Hajj (hajj#2/#3) with a different occasion; WYN uses it as a morning/evening dhikr. Same formula recurs in WYN-0031, 0082, 0177."
WYN-0023,,morning-and-evening,SubhanAllahi wa bihamdihi,absent_in_iqs,absent_in_iqs,absent_in_iqs,verified,wyn_count_not_in_iqs,missing,"Wa Iyyaka Nastaeen (Al-Huda), English 1st ed. 2013 inventory",Sahih Muslim 6843,false,Not in IQS: add as a new dua.,false,Morning and Evening Adhkar,high,false,None identified,Sahih Muslim 6843,not graded in book (Sahihayn),No IQS equivalent.
WYN-0024,,morning-and-evening,Astaghfirullah,absent_in_iqs,absent_in_iqs,absent_in_iqs,unchecked,wyn_count_not_in_iqs,missing,"Wa Iyyaka Nastaeen (Al-Huda), English 1st ed. 2013 inventory",al-Mu'jam al-Awsat (at-Tabarani) 3749 (vol. 4),false,Not in IQS: add as a new dua.,false,Morning and Evening Adhkar,high,false,None identified,al-Mu'jam al-Awsat (at-Tabarani) 3749 (vol. 4),Sahih,No IQS equivalent.
WYN-0025,,morning-and-evening,Sami'a sami'un bi hamdillahi wa husni bala'ihi 'alaina (Supplication of a Traveller in the Morning),absent_in_iqs,absent_in_iqs,absent_in_iqs,verified,not_specified,missing,"Wa Iyyaka Nastaeen (Al-Huda), English 1st ed. 2013 inventory",Sahih Muslim 6900,false,Not in IQS: add as a new dua.,false,Morning and Evening Adhkar,high,false,None identified,Sahih Muslim 6900,not graded in book (Sahihayn),No IQS equivalent.
WYN-0026,,protection-and-safety,Allahumma inni a'udhu bika min munkaratil akhlaqi wal a'mali wal ahwa',absent_in_iqs,absent_in_iqs,absent_in_iqs,verified,not_specified,missing,"Wa Iyyaka Nastaeen (Al-Huda), English 1st ed. 2013 inventory",Jami' at-Tirmidhi 3591,false,Not in IQS: add as a new dua.,false,Protection and Safety,high,false,None identified,Jami' at-Tirmidhi 3591,Sahih,No IQS equivalent.
WYN-0027,,protection-and-safety,Allahumma inni a'udhu bika min sharri ma 'amiltu wa min sharri ma lam a'mal,absent_in_iqs,absent_in_iqs,absent_in_iqs,verified,not_specified,missing,"Wa Iyyaka Nastaeen (Al-Huda), English 1st ed. 2013 inventory",Sahih Muslim 6895,false,Not in IQS: add as a new dua.,false,Protection and Safety,high,false,None identified,Sahih Muslim 6895,not graded in book (Sahihayn),No IQS equivalent.
WYN-0028,,protection-and-safety,Allahumma inni a'udhu bika minal barasi wal jununi wal judhami wa sayyi'il asqam,absent_in_iqs,absent_in_iqs,absent_in_iqs,verified,not_specified,missing,"Wa Iyyaka Nastaeen (Al-Huda), English 1st ed. 2013 inventory",Sunan Abu Dawud 1554,false,Not in IQS: add as a new dua.,false,Protection and Safety,high,false,None identified,Sunan Abu Dawud 1554,Sahih,No IQS equivalent.
WYN-0029,,protection-and-safety,Allahumma inni a'udhu bika min diqid dunya wa diqi yawmil qiyamah,absent_in_iqs,absent_in_iqs,absent_in_iqs,verified,not_specified,missing,"Wa Iyyaka Nastaeen (Al-Huda), English 1st ed. 2013 inventory",Sunan Abu Dawud 5085,false,Not in IQS: add as a new dua.,false,Protection and Safety,high,false,None identified,Sunan Abu Dawud 5085,Hasan Sahih,No IQS equivalent.
WYN-0030,,protection-and-safety,Allahumma inni a'udhu bika min qawlin la yusma'u wa 'amalin la yurfa'u...,absent_in_iqs,absent_in_iqs,absent_in_iqs,unchecked,not_specified,missing,"Wa Iyyaka Nastaeen (Al-Huda), English 1st ed. 2013 inventory",Musnad Ahmad 13003 (vol. 20),false,Not in IQS: add as a new dua.,false,Protection and Safety,high,false,None identified,Musnad Ahmad 13003 (vol. 20),Sahih,No IQS equivalent.
WYN-0031,hajj#2,protection-and-safety,La ilaha illAllahu wahdahu la sharika lahu...,present_unverified_against_source,present_english_only (no Urdu translation in IQS),present_latin_in_iqs,verified,not_specified,same_dua_diff_category,"Wa Iyyaka Nastaeen (Al-Huda), English 1st ed. 2013 inventory",Sahih al-Bukhari 3293,false,"Add category mapping protection-and-safety (IQS currently holds it under hajj); use one canonical dua with multiple category mappings. IQS reference (""Muslim"") does not overlap the WYN printed reference; review.",false,Protection and Safety,low,true,None identified,Sahih al-Bukhari 3293,not graded in book (Sahihayn),Tahlil formula (opening words only in WYN). IQS has the same formula only under Hajj; the 100-times count of the cited hadith is not in IQS.
WYN-0032,,protection-and-safety,Allahumma inni a'udhu bika min jahdil bala'i wa darakish shaqa'i...,absent_in_iqs,absent_in_iqs,absent_in_iqs,verified,not_specified,missing,"Wa Iyyaka Nastaeen (Al-Huda), English 1st ed. 2013 inventory",Sahih al-Bukhari 6347,false,Not in IQS: add as a new dua.,false,Protection and Safety,high,false,None identified,Sahih al-Bukhari 6347,not graded in book (Sahihayn),No IQS equivalent.
WYN-0033,,protection-and-safety,Allahumma inni a'udhu bika minal faqri wal qillati wadh dhillati...,absent_in_iqs,absent_in_iqs,absent_in_iqs,verified,not_specified,missing,"Wa Iyyaka Nastaeen (Al-Huda), English 1st ed. 2013 inventory",Sunan Abu Dawud 1544,false,Not in IQS: add as a new dua.,false,Protection and Safety,high,false,None identified,Sunan Abu Dawud 1544,Sahih,No IQS equivalent.
WYN-0034,,protection-and-safety,Allahumma inni a'udhu bika min zawali ni'matika wa tahawwuli 'afiyatika...,absent_in_iqs,absent_in_iqs,absent_in_iqs,mismatch_in_source,not_specified,missing,"Wa Iyyaka Nastaeen (Al-Huda), English 1st ed. 2013 inventory",Sahih Muslim 6943,false,Not in IQS: add as a new dua. Source reference flagged as mismatch in the inventory; do not copy the printed number without checking.,false,Protection and Safety,high,false,None identified,Sahih Muslim 6943,not graded in book (Sahihayn),No IQS equivalent. | Inventory: REFERENCE CHECK: Printed M 6943 is a chain-only entry (via Mutarrif) in the corpus; the supplication text is at M 6944 (adjacent number). Possible numbering-edition variance; requires verification against the Darussalam edition used by the book.
WYN-0035,,protection-and-safety,Allahumma inni a'udhu bika min sharri sam'i wa min sharri basari...,absent_in_iqs,absent_in_iqs,absent_in_iqs,verified,not_specified,missing,"Wa Iyyaka Nastaeen (Al-Huda), English 1st ed. 2013 inventory",Sunan Abu Dawud 1551,false,Not in IQS: add as a new dua.,false,Protection and Safety,high,false,None identified,Sunan Abu Dawud 1551,Sahih,No IQS equivalent.
WYN-0036,,protection-and-safety,Allahumma inni a'udhu bika min 'ilmin la yanfa'u...,absent_in_iqs,absent_in_iqs,absent_in_iqs,verified,not_specified,missing,"Wa Iyyaka Nastaeen (Al-Huda), English 1st ed. 2013 inventory",Sahih Muslim 6906,false,Not in IQS: add as a new dua.,false,Protection and Safety,high,false,None identified,Sahih Muslim 6906,not graded in book (Sahihayn),No IQS equivalent.
WYN-0037,,protection-and-safety,Allahumma inni a'udhu bika minal ju'i... minal khiyanah,absent_in_iqs,absent_in_iqs,absent_in_iqs,verified,not_specified,missing,"Wa Iyyaka Nastaeen (Al-Huda), English 1st ed. 2013 inventory",Sunan Abu Dawud 1547,false,Not in IQS: add as a new dua.,false,Protection and Safety,high,false,None identified,Sunan Abu Dawud 1547,Hasan,No IQS equivalent.
WYN-0038,,protection-and-safety,Allahumma inni a'udhu bika minal 'ajzi wal kasali wal jubni wal harami wal bukhli... fitnatil mahya wal mamat,absent_in_iqs,absent_in_iqs,absent_in_iqs,verified,not_specified,missing,"Wa Iyyaka Nastaeen (Al-Huda), English 1st ed. 2013 inventory",Sahih Muslim 6873,false,Not in IQS: add as a new dua.,false,Protection and Safety,high,false,None identified,Sahih Muslim 6873,not graded in book (Sahihayn),No IQS equivalent (anxiety#0 is a different dua).
WYN-0039,,protection-and-safety,Allahumma inni a'udhu bika min yawmis su'i wa min lailatis su'i...,absent_in_iqs,absent_in_iqs,absent_in_iqs,unchecked,not_specified,missing,"Wa Iyyaka Nastaeen (Al-Huda), English 1st ed. 2013 inventory",al-Mu'jam al-Kabir (at-Tabarani) 801 (vol. 17),false,Not in IQS: add as a new dua.,false,Protection and Safety,high,false,None identified,al-Mu'jam al-Kabir (at-Tabarani) 801 (vol. 17),Hasan,No IQS equivalent.
WYN-0040,,protection-and-safety,A'udhu billahi an uradda ila ardhalil 'umuri...,absent_in_iqs,absent_in_iqs,absent_in_iqs,unchecked,not_specified,missing,"Wa Iyyaka Nastaeen (Al-Huda), English 1st ed. 2013 inventory",Sahih Ibn Hibban 1011 (vol. 3),false,Not in IQS: add as a new dua.,false,Protection and Safety,high,false,None identified,Sahih Ibn Hibban 1011 (vol. 3),Sahih,No IQS equivalent.
WYN-0041,salah#5,protection-and-safety,Allahumma inni a'udhu bika min 'adhabil qabri... min 'adhabin nari... minal fitani... fitnatil a'waril kadh-dhab,different_dua_in_iqs,different_dua_in_iqs,different_dua_in_iqs,unchecked,not_specified,similar_not_same,"Wa Iyyaka Nastaeen (Al-Huda), English 1st ed. 2013 inventory",Musnad Ahmad 2778 (vol. 4),false,,false,Protection and Safety,medium,true,None identified,Musnad Ahmad 2778 (vol. 4),Sahih,"Refuge from punishment of the grave/Fire/trials/Dajjal in the Ahmad wording (same text as WYN-0173). IQS salah#5 is the Muslim wording (jahannam, qabr, mahya wal mamat, masih dajjal): different narration, not the same text."
WYN-0042,,protection-and-safety,Allahumma inni a'udhu bika minat taraddi wal hadmi wal gharaqi wal hariq...,absent_in_iqs,absent_in_iqs,absent_in_iqs,verified,not_specified,missing,"Wa Iyyaka Nastaeen (Al-Huda), English 1st ed. 2013 inventory",Sunan an-Nasa'i 5533,false,Not in IQS: add as a new dua.,false,Protection and Safety,high,false,None identified,Sunan an-Nasa'i 5533,Sahih,No IQS equivalent.
WYN-0043,,protection-and-safety,Allahumma inni a'udhu bika minal 'ajzi wal kasali wal jubni wal bukhli wal harami wal qaswati wal ghaflati wal 'ailati...(long form),absent_in_iqs,absent_in_iqs,absent_in_iqs,unchecked,not_specified,missing,"Wa Iyyaka Nastaeen (Al-Huda), English 1st ed. 2013 inventory",al-Mustadrak (al-Hakim) 1987 (vol. 2),false,Not in IQS: add as a new dua.,false,Protection and Safety,high,false,None identified,al-Mustadrak (al-Hakim) 1987 (vol. 2),Sahih,No IQS equivalent.
WYN-0044,,protection-and-safety,Allahumma inni a'udhu bika min jaris su'i wa min zawjin tushayyibuni qabla mashibi...,absent_in_iqs,absent_in_iqs,absent_in_iqs,unchecked,not_specified,missing,"Wa Iyyaka Nastaeen (Al-Huda), English 1st ed. 2013 inventory",al-Silsilah as-Sahihah (al-Albani) 3137,false,Not in IQS: add as a new dua.,false,Protection and Safety,high,false,None identified,al-Silsilah as-Sahihah (al-Albani) 3137,not printed,No IQS equivalent.
WYN-0045,,protection-and-safety,Allahumma laka aslamtu wa bika amantu wa 'alaika tawakkaltu...,absent_in_iqs,absent_in_iqs,absent_in_iqs,verified,not_specified,missing,"Wa Iyyaka Nastaeen (Al-Huda), English 1st ed. 2013 inventory",Sahih Muslim 6899,false,Not in IQS: add as a new dua.,false,Protection and Safety,high,false,None identified,Sahih Muslim 6899,not graded in book (Sahihayn),No IQS equivalent.
WYN-0046,,protection-and-safety,Allahumma Rabbas samawati wa Rabbal ardi wa Rabbal 'arshil 'azim... (Qad-ad-dain wa aghnina minal faqr),absent_in_iqs,absent_in_iqs,absent_in_iqs,verified,not_specified,missing,"Wa Iyyaka Nastaeen (Al-Huda), English 1st ed. 2013 inventory",Sahih Muslim 6889,false,Not in IQS: add as a new dua.,false,Protection and Safety,high,false,None identified,Sahih Muslim 6889,not graded in book (Sahihayn),No IQS equivalent.
WYN-0047,salah#5,protection-and-safety,Allahumma inni a'udhu bika min 'adhabi jahannama wa min 'adhabil qabri... fitnatil masihid dajjal,present_unverified_against_source,present_english_only (no Urdu translation in IQS),present_latin_in_iqs,verified,not_specified,same_dua_diff_category,"Wa Iyyaka Nastaeen (Al-Huda), English 1st ed. 2013 inventory",Sahih Muslim 1324,false,Add category mapping protection-and-safety (IQS currently holds it under salah); use one canonical dua with multiple category mappings.,true,Protection and Safety,high,false,None identified,Sahih Muslim 1324,not graded in book (Sahihayn),Same dua (Muslim). IQS holds it under In the prayer (before final salam); WYN under Protection and Safety.
WYN-0048,,protection-from-enemy,Allahummak finihim bima shi'ta,absent_in_iqs,absent_in_iqs,absent_in_iqs,verified,not_specified,missing,"Wa Iyyaka Nastaeen (Al-Huda), English 1st ed. 2013 inventory",Sahih Muslim 7511,false,Not in IQS: add as a new dua.,false,Protection from Enemies,high,false,None identified,Sahih Muslim 7511,not graded in book (Sahihayn),No IQS equivalent.
WYN-0049,,protection-from-enemy,Allahumma inna naj'aluka fi nuhurihim wa na'udhubika min shururihim,absent_in_iqs,absent_in_iqs,absent_in_iqs,verified,not_specified,missing,"Wa Iyyaka Nastaeen (Al-Huda), English 1st ed. 2013 inventory",Sunan Abu Dawud 1537,false,Not in IQS: add as a new dua.,false,Protection from Enemies,high,false,None identified,Sunan Abu Dawud 1537,Sahih,No IQS equivalent.
WYN-0050,,protection-from-enemy,Inni 'udhtu bi rabbi wa rabbikum min kulli mutakabbirin la yu'minu bi yawmil hisab,absent_in_iqs,absent_in_iqs,absent_in_iqs,verified,not_specified,missing,"Wa Iyyaka Nastaeen (Al-Huda), English 1st ed. 2013 inventory",Q 40:27 [printed in book] ; None printed (Qur'anic),false,Not in IQS: add as a new dua.,false,Protection from Enemies,high,false,Q 40:27 [printed in book],None printed (Qur'anic),Not applicable / not printed,No IQS equivalent.
WYN-0051,,protection-from-enemy,Allahumma matti'ni bisam'i wa basari waj'alhumal waritha minni...,absent_in_iqs,absent_in_iqs,absent_in_iqs,verified,not_specified,missing,"Wa Iyyaka Nastaeen (Al-Huda), English 1st ed. 2013 inventory",Jami' at-Tirmidhi 3604/7 (printed),false,Not in IQS: add as a new dua.,false,Protection from Enemies,high,false,None identified,Jami' at-Tirmidhi 3604/7 (printed),Hasan,No IQS equivalent.
WYN-0052,,protection-from-enemy,"Allahumma rabbas samawatis sab'i wa rabbal 'arshil 'azim, kun li jaran min fulanibni fulan...",absent_in_iqs,absent_in_iqs,absent_in_iqs,verified,not_specified,missing,"Wa Iyyaka Nastaeen (Al-Huda), English 1st ed. 2013 inventory",al-Adab al-Mufrad (al-Bukhari) 707,false,Not in IQS: add as a new dua.,false,Protection from Enemies,high,false,None identified,al-Adab al-Mufrad (al-Bukhari) 707,Sahih,No IQS equivalent.
WYN-0053,,protection-from-enemy,"Allahu Akbar, Allahu a'azzu min khalqihi jami'an... (Three times)",absent_in_iqs,absent_in_iqs,absent_in_iqs,verified,wyn_count_not_in_iqs,missing,"Wa Iyyaka Nastaeen (Al-Huda), English 1st ed. 2013 inventory",al-Adab al-Mufrad (al-Bukhari) 708,false,Not in IQS: add as a new dua.,false,Protection from Enemies,high,false,None identified,al-Adab al-Mufrad (al-Bukhari) 708,Sahih,No IQS equivalent.
WYN-0054,quranic#1,night-protection,"Amanar rasulu bima unzila ilaihi mir rabbihi (end of Surah al-Baqarah, 2:285-286)",different_dua_in_iqs,different_dua_in_iqs,different_dua_in_iqs,verified,not_specified,similar_not_same,"Wa Iyyaka Nastaeen (Al-Huda), English 1st ed. 2013 inventory",Q 2:285-286 [printed in book] ; Sahih al-Bukhari 4008,false,,false,Night Protection,low,true,Q 2:285-286 [printed in book],Sahih al-Bukhari 4008,not graded in book (Sahihayn),"WYN: last two verses of al-Baqarah (2:285-286) for night protection. IQS quranic#1 is only the supplication within 2:286 (Rabbana la tu'akhidhna), not the two-verse recitation."
WYN-0055,sleep#2,night-protection,Recite Ayat al-Kursi (instruction only; text not printed),iqs_truncated,present_english_only (no Urdu translation in IQS),iqs_truncated,partially_verified,not_specified,same_source_incomplete_text,"Wa Iyyaka Nastaeen (Al-Huda), English 1st ed. 2013 inventory",Q 2:255 [printed in book] ; al-Mu'jam al-Kabir (at-Tabarani) 541 (vol. 1),true,Complete the IQS Arabic/transliteration text (sleep#2).,false,Night Protection,medium,false,Q 2:255 [printed in book],al-Mu'jam al-Kabir (at-Tabarani) 541 (vol. 1),Sahih,Instruction entry: recite Ayat al-Kursi at night. IQS sleep#2 covers the same practice (Bukhari) but its Arabic is truncated.
WYN-0056,evening#1,bad-dream,A'udhu bi kalimatillahit tammati min ghadabihi wa 'iqabihi wa sharri 'ibadihi wa min hamazatish shayatin wa an yahdurun,different_dua_in_iqs,different_dua_in_iqs,different_dua_in_iqs,verified,not_specified,similar_not_same,"Wa Iyyaka Nastaeen (Al-Huda), English 1st ed. 2013 inventory",Jami' at-Tirmidhi 3528,false,,false,Fright during Sleep (Fear),medium,true,None identified,Jami' at-Tirmidhi 3528,Hasan,"Shares the opening phrase ""A'udhu bi kalimatillahit tammati"" but is a different dua (""min ghadabihi wa iqabihi..."")."
WYN-0057,evening#1,bad-dream,A'udhu bi kalimatillahit tammatil lati la yujawizu hunna barrun wa la fajir...,different_dua_in_iqs,different_dua_in_iqs,different_dua_in_iqs,unchecked,not_specified,similar_not_same,"Wa Iyyaka Nastaeen (Al-Huda), English 1st ed. 2013 inventory",al-Mu'jam al-Awsat (at-Tabarani) 5411 (vol. 6),false,,false,Fright during Sleep (Fear),medium,true,None identified,al-Mu'jam al-Awsat (at-Tabarani) 5411 (vol. 6),Sahih,"Shares the opening phrase ""A'udhu bi kalimatillahit tammatil lati la yujawizu hunna barrun wa la fajir"" - different dua from evening#1."
WYN-0058,,bad-dream,Change sleeping position (instruction; no dua text),not_applicable_instruction,not_applicable_instruction,not_applicable_instruction,none,not_specified,missing,"Wa Iyyaka Nastaeen (Al-Huda), English 1st ed. 2013 inventory",REFERENCE REQUIRES VERIFICATION,false,"Instruction/narration entry, not a recitation: decide whether to model as a practice note rather than a dua; not in IQS. No reference printed in source.",false,Bad Dreams,high,false,None identified,REFERENCE REQUIRES VERIFICATION,Not applicable / not printed,Instruction only (change sleeping position); no printed reference. Not a recitation.
WYN-0059,,bad-dream,Spit on the left side three times and read: A'udhu billahi min sharrish shaitani wa sharriha,absent_in_iqs,absent_in_iqs,absent_in_iqs,verified,wyn_count_not_in_iqs,missing,"Wa Iyyaka Nastaeen (Al-Huda), English 1st ed. 2013 inventory",Sahih Muslim 5903,false,Not in IQS: add as a new dua.,false,Bad Dreams,high,false,None identified,Sahih Muslim 5903,not graded in book (Sahihayn),Instruction plus short a'udhu text for bad dreams; no IQS equivalent.
WYN-0060,faith#1,faith,Command to seek refuge with Allah - Qur'anic verse printed (wa imma yanzaghannaka minash shaitani nazghun fasta'idh billah innahu huwas sami'ul 'alim),different_dua_in_iqs,different_dua_in_iqs,different_dua_in_iqs,verified,not_specified,similar_not_same,"Wa Iyyaka Nastaeen (Al-Huda), English 1st ed. 2013 inventory",Q 41:36 [printed in book] ; None printed (Qur'anic),false,,false,Waswasa / Evil Whisperings,low,true,Q 41:36 [printed in book],None printed (Qur'anic),Not applicable / not printed,"Instruction/verse (Q 41:36) commanding refuge-seeking from waswasa; IQS faith#1 is the a'udhu practice, not the verse."
WYN-0061,faith#0,faith,Belief with conviction that there will be no reckoning upon whisperings (hadith: Inn Allaha tajawaza li ummati 'amma waswasat...),different_dua_in_iqs,different_dua_in_iqs,different_dua_in_iqs,verified,not_specified,similar_not_same,"Wa Iyyaka Nastaeen (Al-Huda), English 1st ed. 2013 inventory",Sahih al-Bukhari 6664,false,,false,Waswasa / Evil Whisperings,low,true,None identified,Sahih al-Bukhari 6664,not graded in book (Sahihayn),"Instruction to hold conviction that whisperings are not held against one; IQS faith#0 (""Amantu billahi wa rusulih"") is related in theme but appears to be a different item. Needs manual check."
WYN-0062,faith#1,faith,Read A'udhubillah excessively,different_dua_in_iqs,different_dua_in_iqs,different_dua_in_iqs,verified,wyn_count_not_in_iqs,similar_not_same,"Wa Iyyaka Nastaeen (Al-Huda), English 1st ed. 2013 inventory",Sahih al-Bukhari 3276,false,,false,Waswasa / Evil Whisperings,low,true,None identified,Sahih al-Bukhari 3276,not graded in book (Sahihayn),Instruction to recite a'udhubillah excessively against waswasa; IQS faith#1 / anger#0 carry the a'udhu text for other occasions.
WYN-0063,faith#1,faith,During Salah or Qur'an recitation: A'udhubillahi minash shaitanir rajim and spit toward left three times,present_unverified_against_source,present_english_only (no Urdu translation in IQS),present_latin_in_iqs,verified,consistent,exact_match,"Wa Iyyaka Nastaeen (Al-Huda), English 1st ed. 2013 inventory",Sahih Muslim 5738,false,,true,Waswasa / Evil Whisperings,high,false,None identified,Sahih Muslim 5738,not graded in book (Sahihayn),Same item: a'udhu billahi minash shaitanir rajim during prayer/recitation and spit left three times (Muslim). IQS faith#1 (Doubts & whispers) states the spitting three times.
WYN-0064,evening#3,faith,Recite Surah al-Ikhlas and Mu'awwidhatain,present_unverified_against_source,present_english_only (no Urdu translation in IQS),iqs_truncated,verified,iqs_count_wyn_not_specified,same_dua_diff_category,"Wa Iyyaka Nastaeen (Al-Huda), English 1st ed. 2013 inventory",Q 112 [identified by inventory]; Q 113 [identified by inventory]; Q 114 [identified by inventory] ; Sahih al-Bukhari 5748,false,"Add category mapping faith (IQS currently holds it under evening); use one canonical dua with multiple category mappings. IQS reference (""Abu Dawud, Tirmidhi"") does not overlap the WYN printed reference; review.",false,Waswasa / Evil Whisperings,low,true,Q 112 [identified by inventory]; Q 113 [identified by inventory]; Q 114 [identified by inventory],Sahih al-Bukhari 5748,not graded in book (Sahihayn),Instruction: recite Ikhlas and the Mu'awwidhatain against waswasa. The three Quls exist in IQS only under morning/evening (and sleep) with a different purpose.
WYN-0065,,faith,Rabbi a'udhubika min hamazatish shayatin wa a'udhubika Rabbi an yahdurun,absent_in_iqs,absent_in_iqs,absent_in_iqs,verified,wyn_count_not_in_iqs,missing,"Wa Iyyaka Nastaeen (Al-Huda), English 1st ed. 2013 inventory",Q 23:97-98 [printed in book] ; None printed (Qur'anic),false,Not in IQS: add as a new dua.,false,Waswasa / Evil Whisperings,high,false,Q 23:97-98 [printed in book],None printed (Qur'anic),Not applicable / not printed,No IQS equivalent.
WYN-0066,,faith,A'udhu billahis sami'il 'alimi minash shaitanir rajimi min hamzihi wa nafkhihi wa nafthihi,absent_in_iqs,absent_in_iqs,absent_in_iqs,verified,not_specified,missing,"Wa Iyyaka Nastaeen (Al-Huda), English 1st ed. 2013 inventory",Sunan Abu Dawud 775,false,Not in IQS: add as a new dua.,false,Waswasa / Evil Whisperings,high,false,None identified,Sunan Abu Dawud 775,Sahih,No IQS equivalent (WYN-0080 is the same text).
WYN-0067,,faith,Huwal awwalu wal akhiru waz zahiru wal batinu wa huwa bikulli shai'in 'alim,absent_in_iqs,absent_in_iqs,absent_in_iqs,verified,not_specified,missing,"Wa Iyyaka Nastaeen (Al-Huda), English 1st ed. 2013 inventory",Q 57:3 [printed in book]; Q 10:94 (context verse in narration) [printed in book] ; Sunan Abu Dawud 5110,false,Not in IQS: add as a new dua.,false,Waswasa / Evil Whisperings,high,false,Q 57:3 [printed in book]; Q 10:94 (context verse in narration) [printed in book],Sunan Abu Dawud 5110,Hasan,No IQS equivalent.
WYN-0068,,faith,"Allahu akbar, Allahu akbar, Allahu akbar, alhamdu lillahil ladhi radda kaidahu ilal waswasah",absent_in_iqs,absent_in_iqs,absent_in_iqs,verified,not_specified,missing,"Wa Iyyaka Nastaeen (Al-Huda), English 1st ed. 2013 inventory",Sunan Abu Dawud 5112,false,Not in IQS: add as a new dua.,false,Waswasa / Evil Whisperings,high,false,None identified,Sunan Abu Dawud 5112,Sahih,No IQS equivalent.
WYN-0069,,evil-eye,"If the person who caused the evil eye is known, ask him/her to perform ablution and wash the place where the waist belt is tied; afflicted person bathes with that water (hadith: Al-'ainu haqq...)",not_applicable_instruction,not_applicable_instruction,not_applicable_instruction,verified,not_specified,missing,"Wa Iyyaka Nastaeen (Al-Huda), English 1st ed. 2013 inventory",Sahih Muslim 5702,false,"Instruction/narration entry, not a recitation: decide whether to model as a practice note rather than a dua; not in IQS.",false,Evil Eye / Nazar,high,false,None identified,Sahih Muslim 5702,not graded in book (Sahihayn),Instruction/practice entry (ablution wash for evil eye); no IQS equivalent.
WYN-0070,evening#3,evil-eye,"Recite Al-Fatihah, Al-Ikhlas and Mu'awwidhatain",different_dua_in_iqs,different_dua_in_iqs,different_dua_in_iqs,verified,not_specified,similar_not_same,"Wa Iyyaka Nastaeen (Al-Huda), English 1st ed. 2013 inventory",Q 1:1-7 [printed in book]; Q 112-114 (named in instruction) [identified by inventory] ; Sahih Muslim 5733 | Sahih al-Bukhari 5748,false,,false,Evil Eye / Nazar,low,true,Q 1:1-7 [printed in book]; Q 112-114 (named in instruction) [identified by inventory],Sahih Muslim 5733 | Sahih al-Bukhari 5748,not graded in book (Sahihayn) | not graded in book (Sahihayn),"Instruction: recite Al-Fatihah, Al-Ikhlas and Mu'awwidhatain for evil eye. Overlaps the IQS three-Quls entry but adds Al-Fatihah and a different purpose."
WYN-0071,sickness#3,evil-eye,A'udhu bi kalimatillahit tammati min kulli shaitanin wa hammatin wa min kulli 'ainin lammah,present_unverified_against_source,present_english_only (no Urdu translation in IQS),present_latin_in_iqs,verified,not_specified,same_dua_diff_category,"Wa Iyyaka Nastaeen (Al-Huda), English 1st ed. 2013 inventory",Sahih al-Bukhari 3371,false,Add category mapping evil-eye (IQS currently holds it under sickness); use one canonical dua with multiple category mappings.,false,Evil Eye / Nazar,medium,false,None identified,Sahih al-Bukhari 3371,not graded in book (Sahihayn),"Same hadith (Bukhari): refuge in the perfect words of Allah from every devil, harmful creature and evil eye. WYN prints the first-person a'udhu form; IQS sickness#3 prints the dual u'idhukuma form for children."
WYN-0072,,evil-eye,"Bismillahi arqika min kulli shai'in yu'dhika min sharri kulli nafsin aw 'aini hasid, Allahu yashfika, bismillahi arqika",absent_in_iqs,absent_in_iqs,absent_in_iqs,verified,not_specified,missing,"Wa Iyyaka Nastaeen (Al-Huda), English 1st ed. 2013 inventory",Sahih Muslim 5700,false,Not in IQS: add as a new dua.,false,Evil Eye / Nazar,high,false,None identified,Sahih Muslim 5700,not graded in book (Sahihayn),No IQS equivalent.
WYN-0073,,evil-eye,Bismillahi yubrika wa min kulli da'in yashfika wa min sharri hasidin idha hasada wa min sharri kulli dhi 'ain,absent_in_iqs,absent_in_iqs,absent_in_iqs,verified,not_specified,missing,"Wa Iyyaka Nastaeen (Al-Huda), English 1st ed. 2013 inventory",Sahih Muslim 5699,false,Not in IQS: add as a new dua.,false,Evil Eye / Nazar,high,false,None identified,Sahih Muslim 5699,not graded in book (Sahihayn),No IQS equivalent.
WYN-0074,,protection-from-magic,"Regularly read the supplications for morning, evening, protection and healing",not_applicable_instruction,not_applicable_instruction,not_applicable_instruction,none,not_specified,missing,"Wa Iyyaka Nastaeen (Al-Huda), English 1st ed. 2013 inventory",REFERENCE REQUIRES VERIFICATION,false,"Instruction/narration entry, not a recitation: decide whether to model as a practice note rather than a dua; not in IQS. No reference printed in source.",false,Protection from Magic (Black Magic),high,false,None identified,REFERENCE REQUIRES VERIFICATION,Not applicable / not printed,Instruction only; no printed reference.
WYN-0075,evening#2,protection-from-magic,"Recite Ayat al-Kursi and Mu'awwidhat (Ikhlas, Falaq, Nas) in morning, evening and before going to bed",present_unverified_against_source,present_english_only (no Urdu translation in IQS),iqs_truncated,verified,wyn_count_iqs_missing,same_dua_diff_category,"Wa Iyyaka Nastaeen (Al-Huda), English 1st ed. 2013 inventory",Q 2:255 [printed in book]; Q 112-114 (named in instruction) [identified by inventory] ; Sahih al-Bukhari 5010 | Sahih al-Bukhari 5748,false,Add category mapping protection-from-magic (IQS currently holds it under evening); use one canonical dua with multiple category mappings.,false,Protection from Magic (Black Magic),low,true,Q 2:255 [printed in book]; Q 112-114 (named in instruction) [identified by inventory],Sahih al-Bukhari 5010 | Sahih al-Bukhari 5748,not graded in book (Sahihayn) | not graded in book (Sahihayn),"Instruction: recite Ayat al-Kursi and the three Quls morning/evening/before bed (as protection from magic). Corresponds to IQS evening#2, evening#3, sleep#2, sleep#3 collectively."
WYN-0076,quranic#1,protection-from-magic,Recite the last two verses of al-Baqarah every night,different_dua_in_iqs,different_dua_in_iqs,different_dua_in_iqs,partially_verified,wyn_count_not_in_iqs,similar_not_same,"Wa Iyyaka Nastaeen (Al-Huda), English 1st ed. 2013 inventory",Q 2:285-286 [printed in book] ; Sunan ad-Darimi 3387 (vol. 2) | Sahih al-Bukhari 4008,false,,false,Protection from Magic (Black Magic),low,true,Q 2:285-286 [printed in book],Sunan ad-Darimi 3387 (vol. 2) | Sahih al-Bukhari 4008,Sahih | not graded in book (Sahihayn),Instruction: recite last two verses of al-Baqarah nightly. IQS quranic#1 holds only one supplication from 2:286.
WYN-0077,,protection-from-magic,Eat seven 'Ajwah dates first thing in the morning,not_applicable_instruction,not_applicable_instruction,not_applicable_instruction,verified,wyn_count_not_in_iqs,missing,"Wa Iyyaka Nastaeen (Al-Huda), English 1st ed. 2013 inventory",Sahih al-Bukhari 5445,false,"Instruction/narration entry, not a recitation: decide whether to model as a practice note rather than a dua; not in IQS.",false,Protection from Magic (Black Magic),high,false,None identified,Sahih al-Bukhari 5445,not graded in book (Sahihayn),Instruction (dates); not a dua.
WYN-0078,,protection-from-magic,"Perform cupping (hijamah), a masnun treatment",not_applicable_instruction,not_applicable_instruction,not_applicable_instruction,unchecked,not_specified,missing,"Wa Iyyaka Nastaeen (Al-Huda), English 1st ed. 2013 inventory",Musnad Ahmad 12045 (vol. 19),false,"Instruction/narration entry, not a recitation: decide whether to model as a practice note rather than a dua; not in IQS.",false,Protection from Magic (Black Magic),high,false,None identified,Musnad Ahmad 12045 (vol. 19),Sahih,Instruction (cupping); not a dua.
WYN-0079,,protection-from-magic,Read Ruqyah Shar'iyyah or play a recording before the afflicted person,not_applicable_instruction,not_applicable_instruction,not_applicable_instruction,none,not_specified,missing,"Wa Iyyaka Nastaeen (Al-Huda), English 1st ed. 2013 inventory",REFERENCE REQUIRES VERIFICATION,false,"Instruction/narration entry, not a recitation: decide whether to model as a practice note rather than a dua; not in IQS. No reference printed in source.",false,Protection from Magic (Black Magic),high,false,None identified,REFERENCE REQUIRES VERIFICATION,Not applicable / not printed,Instruction (ruqyah); no printed reference.
WYN-0080,,protection-from-magic,A'udhu billahis Sami'il 'Alimi min ash shaitanir rajimi min hamzihi wa nafkhihi wa nafthihi,absent_in_iqs,absent_in_iqs,absent_in_iqs,verified,wyn_count_not_in_iqs,missing,"Wa Iyyaka Nastaeen (Al-Huda), English 1st ed. 2013 inventory",Sunan Abu Dawud 775,false,Not in IQS: add as a new dua.,false,Protection from Magic (Black Magic),high,false,None identified,Sunan Abu Dawud 775,Sahih,No IQS equivalent (same text as WYN-0066).
WYN-0081,,protection-from-magic,A'udhu billahil 'azimi biwajhihil karimi wa sultanihil qadimi minash shaitanir rajim,absent_in_iqs,absent_in_iqs,absent_in_iqs,verified,not_specified,missing,"Wa Iyyaka Nastaeen (Al-Huda), English 1st ed. 2013 inventory",Sunan Abu Dawud 466,false,Not in IQS: add as a new dua.,false,Protection from Magic (Black Magic),high,false,None identified,Sunan Abu Dawud 466,Sahih,No IQS equivalent.
WYN-0082,hajj#2,protection-from-magic,"La ilaha illAllahu wahdahu la sharika lahu, lahul mulku wa lahul hamdu wa huwa 'ala kulli shai'in qadir",present_unverified_against_source,present_english_only (no Urdu translation in IQS),present_latin_in_iqs,verified,wyn_count_iqs_missing,same_dua_diff_category,"Wa Iyyaka Nastaeen (Al-Huda), English 1st ed. 2013 inventory",Sahih Muslim 6842,false,Add category mapping protection-from-magic (IQS currently holds it under hajj); use one canonical dua with multiple category mappings.,false,Protection from Magic (Black Magic),low,true,None identified,Sahih Muslim 6842,not graded in book (Sahihayn),"Tahlil formula, 100 times (Muslim). IQS has the formula only under Hajj with no count."
WYN-0083,,jinn-and-shayateen,Recite the Qur'an excessively (Qur'anic verse printed: wa nunazzilu minal Qur'ani ma huwa shifa'un wa rahmatun lil mu'minin),not_applicable_instruction,not_applicable_instruction,not_applicable_instruction,verified,wyn_count_not_in_iqs,missing,"Wa Iyyaka Nastaeen (Al-Huda), English 1st ed. 2013 inventory",Q 17:82 [printed in book] ; None printed (Qur'anic),false,"Instruction/narration entry, not a recitation: decide whether to model as a practice note rather than a dua; not in IQS.",false,Protection from Jinn and Shaytan,high,false,Q 17:82 [printed in book],None printed (Qur'anic),Not applicable / not printed,"Instruction (recite the Qur'an, Q 17:82 printed)."
WYN-0084,,jinn-and-shayateen,"Recite Al-Baqarah; if unable, its recitation can be played",not_applicable_instruction,not_applicable_instruction,not_applicable_instruction,verified,not_specified,missing,"Wa Iyyaka Nastaeen (Al-Huda), English 1st ed. 2013 inventory",Sahih Muslim 1824,false,"Instruction/narration entry, not a recitation: decide whether to model as a practice note rather than a dua; not in IQS.",false,Protection from Jinn and Shaytan,high,false,None identified,Sahih Muslim 1824,not graded in book (Sahihayn),Instruction (recite al-Baqarah).
WYN-0085,anger#0,jinn-and-shayateen,When angry: A'udhu billahi minash shaitanir rajim,present_unverified_against_source,present_english_only (no Urdu translation in IQS),present_latin_in_iqs,verified,not_specified,same_dua_diff_category,"Wa Iyyaka Nastaeen (Al-Huda), English 1st ed. 2013 inventory",Sahih al-Bukhari 6115,false,Add category mapping jinn-and-shayateen (IQS currently holds it under anger); use one canonical dua with multiple category mappings.,true,Protection from Jinn and Shaytan,high,false,None identified,Sahih al-Bukhari 6115,not graded in book (Sahihayn),"Same dua (a'udhu billahi minash shaitanir rajim, when angry, Bukhari). IQS anger#0 is the same item under Anger; WYN files it under Jinn and Shaytan."
WYN-0086,dressing#1,jinn-and-shayateen,Before entering the restroom: Allahumma inni a'udhu bika minal khubuthi wal khaba'ith,present_unverified_against_source,present_english_only (no Urdu translation in IQS),present_latin_in_iqs,verified,not_specified,same_dua_diff_category,"Wa Iyyaka Nastaeen (Al-Huda), English 1st ed. 2013 inventory",Sahih al-Bukhari 142,false,Add category mapping jinn-and-shayateen (IQS currently holds it under dressing); use one canonical dua with multiple category mappings.,true,Protection from Jinn and Shaytan,high,false,None identified,Sahih al-Bukhari 142,not graded in book (Sahihayn),Entering the toilet (Bukhari). IQS files it under Dressing & appearance.
WYN-0087,home#1,jinn-and-shayateen,When leaving the home: Bismillahi tawakkaltu 'alAllahi wa la hawla wa la quwwata illa billah,present_unverified_against_source,present_english_only (no Urdu translation in IQS),present_latin_in_iqs,verified,not_specified,same_dua_diff_category,"Wa Iyyaka Nastaeen (Al-Huda), English 1st ed. 2013 inventory",Sunan Abu Dawud 5095,false,Add category mapping jinn-and-shayateen (IQS currently holds it under home); use one canonical dua with multiple category mappings.,true,Protection from Jinn and Shaytan,high,false,None identified,Sunan Abu Dawud 5095,Sahih,Leaving the home (Abu Dawud). IQS files it under Home & family.
WYN-0088,home#3,jinn-and-shayateen,"At the time of sexual intimacy: Bismillahi, Allahumma jannibnash shaitana wa jannibish shaitana ma razaqtana",present_unverified_against_source,present_english_only (no Urdu translation in IQS),present_latin_in_iqs,verified,not_specified,same_dua_diff_category,"Wa Iyyaka Nastaeen (Al-Huda), English 1st ed. 2013 inventory",Sahih al-Bukhari 141,false,Add category mapping jinn-and-shayateen (IQS currently holds it under home); use one canonical dua with multiple category mappings.,true,Protection from Jinn and Shaytan,high,false,None identified,Sahih al-Bukhari 141,not graded in book (Sahihayn),Before marital relations (Bukhari). IQS files it under Home & family.
WYN-0089,wudu#0,jinn-and-shayateen,When changing clothes: Bismillah,present_unverified_against_source,present_english_only (no Urdu translation in IQS),present_latin_in_iqs,unchecked,not_specified,same_dua_diff_category,"Wa Iyyaka Nastaeen (Al-Huda), English 1st ed. 2013 inventory",Sahih al-Jami' as-Saghir (al-Albani) 3610,false,"Add category mapping jinn-and-shayateen (IQS currently holds it under wudu); use one canonical dua with multiple category mappings. IQS reference (""Abu Dawud, Tirmidhi, Ibn Majah"") does not overlap the WYN printed reference; review.",false,Protection from Jinn and Shaytan,low,true,None identified,Sahih al-Jami' as-Saghir (al-Albani) 3610,not printed,"WYN: say ""Bismillah"" when changing clothes. IQS has the same one-word text for other occasions only (wudu#0, food#0); the clothing occasion is not in IQS."
WYN-0090,,sickness,Recitation of the Holy Qur'an is a healing (verses printed: a. wa nunazzilu minal Qur'ani... (17:82 wording); b. ya ayyuhan nasu qad ja'atkum maw'izatum mir rabbikum wa shifa'un lima fis sudur (10:57 wording)),not_applicable_instruction,not_applicable_instruction,not_applicable_instruction,verified,not_specified,missing,"Wa Iyyaka Nastaeen (Al-Huda), English 1st ed. 2013 inventory",Q 17:82 [printed in book]; Q 10:57 [printed in book] ; None printed (Qur'anic),false,"Instruction/narration entry, not a recitation: decide whether to model as a practice note rather than a dua; not in IQS.",false,Healing,high,false,Q 17:82 [printed in book]; Q 10:57 [printed in book],None printed (Qur'anic),Not applicable / not printed,"Instruction/verses (Q 17:82, 10:57)."
WYN-0091,,sickness,"Benefit from natural nutrients/medicines: honey, Habbat al-Sauda (Nigella), Zam Zam water, rain water, olive oil",not_applicable_instruction,not_applicable_instruction,not_applicable_instruction,verified,not_specified,missing,"Wa Iyyaka Nastaeen (Al-Huda), English 1st ed. 2013 inventory",Q 16:69 [printed in book]; Q 50:9 [printed in book] ; Sahih al-Bukhari 5687 | Sunan Ibn Majah 3062 | Jami' at-Tirmidhi 1852,false,"Instruction/narration entry, not a recitation: decide whether to model as a practice note rather than a dua; not in IQS.",false,Healing,high,false,Q 16:69 [printed in book]; Q 50:9 [printed in book],Sahih al-Bukhari 5687 | Sunan Ibn Majah 3062 | Jami' at-Tirmidhi 1852,not graded in book (Sahihayn) | Sahih | Sahih,Instruction (natural remedies).
WYN-0092,,sickness,During sickness recite Al-Fatihah an odd number of times and blow over the afflicted person (Surah al-Fatihah printed in full),not_applicable_instruction,not_applicable_instruction,not_applicable_instruction,verified,wyn_count_not_in_iqs,missing,"Wa Iyyaka Nastaeen (Al-Huda), English 1st ed. 2013 inventory",Q 1:1-7 [identified by inventory] ; Sahih Muslim 5733 | Sunan Abu Dawud 3896,false,"Instruction/narration entry, not a recitation: decide whether to model as a practice note rather than a dua; not in IQS.",false,Healing,high,false,Q 1:1-7 [identified by inventory],Sahih Muslim 5733 | Sunan Abu Dawud 3896,not graded in book (Sahihayn) | Sahih,Instruction (recite Al-Fatihah during sickness).
WYN-0093,,sickness,Anni massaniyad durru wa anta arhamur rahimin,absent_in_iqs,absent_in_iqs,absent_in_iqs,verified,not_specified,missing,"Wa Iyyaka Nastaeen (Al-Huda), English 1st ed. 2013 inventory",Q 21:83 [printed in book] ; None printed (Qur'anic),false,Not in IQS: add as a new dua.,false,Healing,high,false,Q 21:83 [printed in book],None printed (Qur'anic),Not applicable / not printed,No IQS equivalent (Q 21:83).
WYN-0094,sickness#1,sickness,Place hand on affected area: Bismillah (Three times); then A'udhu billahi wa qudratihi min sharri ma ajidu wa uhadhir (Seven times),present_unverified_against_source,present_english_only (no Urdu translation in IQS),present_latin_in_iqs,verified,consistent,exact_match,"Wa Iyyaka Nastaeen (Al-Huda), English 1st ed. 2013 inventory",Sahih Muslim 5737,false,,true,Healing,high,false,None identified,Sahih Muslim 5737,not graded in book (Sahihayn),"Same item (Muslim): Bismillah x3, then a'udhu...x7. IQS embeds counts in text."
WYN-0095,,sickness,As'alullahal 'azima Rabbal 'arshil 'azimi an yashfiyaka,absent_in_iqs,absent_in_iqs,absent_in_iqs,verified,wyn_count_not_in_iqs,missing,"Wa Iyyaka Nastaeen (Al-Huda), English 1st ed. 2013 inventory",Sunan Abu Dawud 3106,false,Not in IQS: add as a new dua.,false,Healing,high,false,None identified,Sunan Abu Dawud 3106,Sahih,"No IQS equivalent (seven times, Abu Dawud 3106 as printed; same text as WYN-0103)."
WYN-0096,sickness#0,sickness,Adh-hibil ba'sa Rabban nas washfi antash shafi la shifa'a illa shifa'uka shifa'an la yughadiru saqama,present_unverified_against_source,present_english_only (no Urdu translation in IQS),present_latin_in_iqs,verified,not_specified,exact_match,"Wa Iyyaka Nastaeen (Al-Huda), English 1st ed. 2013 inventory",Sahih Muslim 5707,false,,true,Healing,high,false,None identified,Sahih Muslim 5707,not graded in book (Sahihayn),Adhhibil ba'sa Rabban nas (Muslim). Same text appears again as WYN-0104.
WYN-0097,sickness#0,sickness,Imsahil ba'sa Rabban nas biyadikash shifa'u la yakshiful karba illa anta,different_dua_in_iqs,different_dua_in_iqs,different_dua_in_iqs,unchecked,not_specified,similar_not_same,"Wa Iyyaka Nastaeen (Al-Huda), English 1st ed. 2013 inventory",Musnad Ahmad 24234 (vol. 40),false,,false,Healing,medium,true,None identified,Musnad Ahmad 24234 (vol. 40),Sahih,"""Imsahil ba'sa Rabban nas biyadikash shifa'"" is a sibling formula of IQS sickness#0, not the same wording."
WYN-0098,,visiting-the-sick,The command to visit the sick (hadith: At'imul ja'i' wa 'udul marid wa fukkul 'ani),not_applicable_instruction,not_applicable_instruction,not_applicable_instruction,verified,not_specified,missing,"Wa Iyyaka Nastaeen (Al-Huda), English 1st ed. 2013 inventory",Sahih al-Bukhari 5649,false,"Instruction/narration entry, not a recitation: decide whether to model as a practice note rather than a dua; not in IQS.",false,Visiting the Sick,high,false,None identified,Sahih al-Bukhari 5649,not graded in book (Sahihayn),Hadith narration (command to visit the sick); not a recitation.
WYN-0099,,visiting-the-sick,"Excellence of visiting the sick (narration of 'Ali, seventy thousand angels)",not_applicable_instruction,not_applicable_instruction,not_applicable_instruction,partially_verified,not_specified,missing,"Wa Iyyaka Nastaeen (Al-Huda), English 1st ed. 2013 inventory","Musnad Ahmad 975 | Jami' at-Tirmidhi 967, 969",false,"Instruction/narration entry, not a recitation: decide whether to model as a practice note rather than a dua; not in IQS.",false,Visiting the Sick,high,false,None identified,"Musnad Ahmad 975 | Jami' at-Tirmidhi 967, 969",Sahih | Sahih,Hadith narration; not a recitation.
WYN-0100,,visiting-the-sick,Hadith Qudsi: 'I was ill and you did not visit Me',not_applicable_instruction,not_applicable_instruction,not_applicable_instruction,none,not_specified,missing,"Wa Iyyaka Nastaeen (Al-Huda), English 1st ed. 2013 inventory",REFERENCE REQUIRES VERIFICATION,false,"Instruction/narration entry, not a recitation: decide whether to model as a practice note rather than a dua; not in IQS. No reference printed in source.",false,Visiting the Sick,high,false,None identified,REFERENCE REQUIRES VERIFICATION,Not applicable / not printed,Hadith narration; no printed reference.
WYN-0101,,visiting-the-sick,Allahumma 'afihi / Allahummash-fihi,absent_in_iqs,absent_in_iqs,absent_in_iqs,unchecked,not_specified,missing,"Wa Iyyaka Nastaeen (Al-Huda), English 1st ed. 2013 inventory",Musnad Ahmad 637 (vol. 2),false,Not in IQS: add as a new dua.,false,Visiting the Sick,high,false,None identified,Musnad Ahmad 637 (vol. 2),Sahih,No IQS equivalent.
WYN-0102,sickness#2,visiting-the-sick,La ba'sa tahurun insha'Allah,present_unverified_against_source,present_english_only (no Urdu translation in IQS),present_latin_in_iqs,verified,not_specified,exact_match,"Wa Iyyaka Nastaeen (Al-Huda), English 1st ed. 2013 inventory",Sahih al-Bukhari 5662,false,"IQS reference (""Abu Dawud, Tirmidhi"") does not overlap the WYN printed reference; review.",false,Visiting the Sick,high,false,None identified,Sahih al-Bukhari 5662,not graded in book (Sahihayn),"Same dua (La ba'sa tahurun insha'Allah). IQS cites Abu Dawud/Tirmidhi, WYN cites Bukhari 5662 - reference differs."
WYN-0103,,visiting-the-sick,As'alullahal 'azima Rabbal 'arshil 'azimi an yashfiyaka,absent_in_iqs,absent_in_iqs,absent_in_iqs,verified,not_specified,missing,"Wa Iyyaka Nastaeen (Al-Huda), English 1st ed. 2013 inventory",Sunan Abu Dawud 3106,false,Not in IQS: add as a new dua.,false,Visiting the Sick,high,false,None identified,Sunan Abu Dawud 3106,Sahih,No IQS equivalent (same text as WYN-0095).
WYN-0104,sickness#0,visiting-the-sick,Adh-hibil ba'sa Rabban nas washfi antash shafi...,present_unverified_against_source,present_english_only (no Urdu translation in IQS),present_latin_in_iqs,unchecked,not_specified,exact_match,"Wa Iyyaka Nastaeen (Al-Huda), English 1st ed. 2013 inventory",Musnad Ahmad 24234 (vol. 40),false,"IQS reference (""Bukhari, Muslim"") does not overlap the WYN printed reference; review.",false,Visiting the Sick,high,false,None identified,Musnad Ahmad 24234 (vol. 40),Sahih,Same text as sickness#0 (adhhibil ba'sa); duplicate of WYN-0096 inside WYN; IQS has one entry for both.
WYN-0105,,trials-and-adversity,Alhamdu lillahil ladhi 'afani mimmabtalaka bihi wa faddalani 'ala kathirin mimman khalaqa tafdila,absent_in_iqs,absent_in_iqs,absent_in_iqs,verified,not_specified,missing,"Wa Iyyaka Nastaeen (Al-Huda), English 1st ed. 2013 inventory",Jami' at-Tirmidhi 3432,false,Not in IQS: add as a new dua.,false,Trials and Adversity (seeing someone in illness/trial),high,false,None identified,Jami' at-Tirmidhi 3432,Sahih,No IQS equivalent.
WYN-0106,grief#1,grief,"Inna lillahi wa inna ilaihi raji'un, Allahumma'jurni fi musibati wa akhlif li khairan minha",present_unverified_against_source,present_english_only (no Urdu translation in IQS),present_latin_in_iqs,verified,not_specified,exact_match,"Wa Iyyaka Nastaeen (Al-Huda), English 1st ed. 2013 inventory",Sahih Muslim 2126,false,,true,Trials and Adversity (receiving unfortunate news),high,false,None identified,Sahih Muslim 2126,not graded in book (Sahihayn),Inna lillahi wa inna ilayhi raji'un + Allahumma'jurni fi musibati (Muslim). IQS splits this into grief#0 (Qur'an 2:156 half) and grief#1 (Muslim half).
WYN-0107,,deceased-maghfirat,"Allahumma 'abduka wabnu amatika, ihtaja ila rahmatika...",absent_in_iqs,absent_in_iqs,absent_in_iqs,unchecked,not_specified,missing,"Wa Iyyaka Nastaeen (Al-Huda), English 1st ed. 2013 inventory",al-Mustadrak (al-Hakim) 1368 (vol. 1),false,Not in IQS: add as a new dua.,false,Forgiveness for the Deceased,high,false,None identified,al-Mustadrak (al-Hakim) 1368 (vol. 1),Sahih,No IQS equivalent.
WYN-0108,,deceased-maghfirat,Allahumma inna fulanabna fulanin fi dhimmatika wa habli jiwarika...,absent_in_iqs,absent_in_iqs,absent_in_iqs,verified,not_specified,missing,"Wa Iyyaka Nastaeen (Al-Huda), English 1st ed. 2013 inventory",Sunan Abu Dawud 3202,false,Not in IQS: add as a new dua.,false,Forgiveness for the Deceased,high,false,None identified,Sunan Abu Dawud 3202,Sahih,No IQS equivalent.
WYN-0109,grief#5,deceased-maghfirat,Allahummaghfir lahu warfa' darajatahu fil mahdiyyin wakhlufhu fi 'aqibihi fil ghabirin...,present_unverified_against_source,present_english_only (no Urdu translation in IQS),present_latin_in_iqs,verified,not_specified,exact_match,"Wa Iyyaka Nastaeen (Al-Huda), English 1st ed. 2013 inventory",Sahih Muslim 2130,false,,true,Forgiveness for the Deceased,high,false,None identified,Sahih Muslim 2130,not graded in book (Sahihayn),"Same dua (Muslim): forgive him, raise his rank among the guided. IQS has a [name] placeholder."
WYN-0110,grief#3,deceased-maghfirat,Allahummaghfir li hayyina wa mayyitina wa saghirina wa kabirina...,present_unverified_against_source,present_english_only (no Urdu translation in IQS),present_latin_in_iqs,verified,not_specified,exact_match,"Wa Iyyaka Nastaeen (Al-Huda), English 1st ed. 2013 inventory",Sunan Abu Dawud 3201,false,,true,Forgiveness for the Deceased,high,false,None identified,Sunan Abu Dawud 3201,Sahih,Same dua (Abu Dawud): forgive our living and our dead.
WYN-0111,grief#2,deceased-maghfirat,"Allahummaghfir lahu warhamhu wa 'afihi wa'fu 'anhu wa akrim nuzulahu... (male form, then female form 'laha' printed in full on p.42)",iqs_shorter_than_wyn,present_english_only (no Urdu translation in IQS),iqs_shorter_than_wyn,verified,not_specified,same_source_incomplete_text,"Wa Iyyaka Nastaeen (Al-Huda), English 1st ed. 2013 inventory",Sahih Muslim 2232,true,Complete the IQS Arabic/transliteration text (grief#2).,false,Forgiveness for the Deceased,medium,false,None identified,Sahih Muslim 2232,not graded in book (Sahihayn),"Same hadith (Muslim) but the WYN opening continues ""...wa akrim nuzulahu""; IQS ends at ""wa'fu anhu"". IQS Arabic appears shorter than the printed WYN text. Confirm against the full text."
WYN-0112,,deceased-maghfirat,Allahumma a'idh-hu min 'adhabil qabr (For a Deceased Child),absent_in_iqs,absent_in_iqs,absent_in_iqs,unchecked,not_specified,missing,"Wa Iyyaka Nastaeen (Al-Huda), English 1st ed. 2013 inventory",al-Muwatta (Malik) Jana'iz 18,false,Not in IQS: add as a new dua.,false,Forgiveness for the Deceased,high,false,None identified,al-Muwatta (Malik) Jana'iz 18,not printed,No IQS equivalent.
WYN-0113,,deceased-maghfirat,Allahummaj'alhu lana salafan wa faratan wa ajran (For a Deceased Child),absent_in_iqs,absent_in_iqs,absent_in_iqs,unchecked,not_specified,missing,"Wa Iyyaka Nastaeen (Al-Huda), English 1st ed. 2013 inventory","Sahih al-Bukhari, Book of Funeral Prayers, Chapter 65 (chapter heading; no hadith number printed)",false,Not in IQS: add as a new dua.,false,Forgiveness for the Deceased,high,false,None identified,"Sahih al-Bukhari, Book of Funeral Prayers, Chapter 65 (chapter heading; no hadith number printed)",not graded in book (Sahihayn),No IQS equivalent.
WYN-0114,,istighfar,Repentance from sins and seeking forgiveness excessively opens the doors of mercy (Qur'an verses of Nuh printed: fa qultu istaghfiru rabbakum innahu kana ghaffara...),absent_in_iqs,absent_in_iqs,absent_in_iqs,verified,wyn_count_not_in_iqs,missing,"Wa Iyyaka Nastaeen (Al-Huda), English 1st ed. 2013 inventory",Q 71:10-12 [printed in book] ; None printed (Qur'anic),false,Not in IQS: add as a new dua.,false,Istighfar (Seeking Forgiveness),high,false,Q 71:10-12 [printed in book],None printed (Qur'anic),Not applicable / not printed,Instruction/verses (Q 71:10-12).
WYN-0115,,istighfar,Allahummaghfirli dhanbi,absent_in_iqs,absent_in_iqs,absent_in_iqs,verified,not_specified,missing,"Wa Iyyaka Nastaeen (Al-Huda), English 1st ed. 2013 inventory",Sahih Muslim 6986,false,Not in IQS: add as a new dua.,false,Istighfar (Seeking Forgiveness),high,false,None identified,Sahih Muslim 6986,not graded in book (Sahihayn),No IQS equivalent.
WYN-0116,,istighfar,Rabbighfirli khati'ati yawmad din,absent_in_iqs,absent_in_iqs,absent_in_iqs,verified,not_specified,missing,"Wa Iyyaka Nastaeen (Al-Huda), English 1st ed. 2013 inventory",Q 26:82 [identified by inventory] ; Sahih Muslim 518,false,Not in IQS: add as a new dua.,false,Istighfar (Seeking Forgiveness),high,false,Q 26:82 [identified by inventory],Sahih Muslim 518,not graded in book (Sahihayn),No IQS equivalent (Q 26:82).
WYN-0117,,istighfar,Rabbighfir warham wa Anta khairur rahimin,absent_in_iqs,absent_in_iqs,absent_in_iqs,verified,not_specified,missing,"Wa Iyyaka Nastaeen (Al-Huda), English 1st ed. 2013 inventory",Q 23:118 [printed in book] ; None printed (Qur'anic),false,Not in IQS: add as a new dua.,false,Istighfar (Seeking Forgiveness),high,false,Q 23:118 [printed in book],None printed (Qur'anic),Not applicable / not printed,No IQS equivalent (Q 23:118).
WYN-0118,,istighfar,Rabbanaghfirli wali walidayya wa lil mu'minina yawma yaqumul hisab,absent_in_iqs,absent_in_iqs,absent_in_iqs,verified,not_specified,missing,"Wa Iyyaka Nastaeen (Al-Huda), English 1st ed. 2013 inventory",Q 14:41 [printed in book] ; None printed (Qur'anic),false,Not in IQS: add as a new dua.,false,Istighfar (Seeking Forgiveness),high,false,Q 14:41 [printed in book],None printed (Qur'anic),Not applicable / not printed,No IQS equivalent (Q 14:41).
WYN-0119,,istighfar,Rabbana innana amanna faghfirlana dhunubana wa qina 'adhaban nar,absent_in_iqs,absent_in_iqs,absent_in_iqs,verified,not_specified,missing,"Wa Iyyaka Nastaeen (Al-Huda), English 1st ed. 2013 inventory",Q 3:16 [printed in book] ; None printed (Qur'anic),false,Not in IQS: add as a new dua.,false,Istighfar (Seeking Forgiveness),high,false,Q 3:16 [printed in book],None printed (Qur'anic),Not applicable / not printed,No IQS equivalent (Q 3:16).
WYN-0120,repentance#1,istighfar,Rabbana zalamna anfusana wa in lam taghfir lana wa tarhamna lanakunanna minal khasirin,present_unverified_against_source,present_english_only (no Urdu translation in IQS),present_latin_in_iqs,verified,not_specified,exact_match,"Wa Iyyaka Nastaeen (Al-Huda), English 1st ed. 2013 inventory",Q 7:23 [printed in book] ; None printed (Qur'anic),false,,true,Istighfar (Seeking Forgiveness),high,false,Q 7:23 [printed in book],None printed (Qur'anic),Not applicable / not printed,Q 7:23 in both.
WYN-0121,quranic#0,istighfar,Rabbanaghfir lana dhunubana wa israfana fi amrina wa thabbit aqdamana wansurna 'alal qawmil kafirin,iqs_shorter_than_wyn,present_english_only (no Urdu translation in IQS),iqs_shorter_than_wyn,verified,not_specified,same_dua_diff_category,"Wa Iyyaka Nastaeen (Al-Huda), English 1st ed. 2013 inventory",Q 3:147 [printed in book] ; None printed (Qur'anic),true,IQS text shorter than the printed WYN text; complete quranic#0. Add category mapping istighfar (IQS currently holds it under quranic); use one canonical dua with multiple category mappings.,false,Istighfar (Seeking Forgiveness),medium,false,Q 3:147 [printed in book],None printed (Qur'anic),Not applicable / not printed,"Q 3:147. IQS quranic#0 holds only ""Rabbana-ghfir lana dhunubana wa israfana fi amrina""; the WYN opening continues ""wa thabbit aqdamana wansurna..."". IQS Arabic appears shorter than the printed WYN verse; IQS files it under Qur'anic supplications."
WYN-0122,social#2,istighfar,Subhanaka wa bihamdika astaghfiruka wa atubu ilaik,different_dua_in_iqs,different_dua_in_iqs,different_dua_in_iqs,verified,not_specified,similar_not_same,"Wa Iyyaka Nastaeen (Al-Huda), English 1st ed. 2013 inventory",Sahih Muslim 1086,false,,false,Istighfar (Seeking Forgiveness),medium,true,None identified,Sahih Muslim 1086,not graded in book (Sahihayn),"Shorter form ""Subhanaka wa bihamdika astaghfiruka wa atubu ilaik"" (Muslim) vs the fuller gathering expiation in IQS social#2; different narration."
WYN-0123,,istighfar,Rabbighfirli wa tub 'alayya innaka antat tawwabur rahim,absent_in_iqs,absent_in_iqs,absent_in_iqs,verified,not_specified,missing,"Wa Iyyaka Nastaeen (Al-Huda), English 1st ed. 2013 inventory",Sunan Abu Dawud 1516,false,Not in IQS: add as a new dua.,false,Istighfar (Seeking Forgiveness),high,false,None identified,Sunan Abu Dawud 1516,Sahih,No IQS equivalent.
WYN-0124,salah#3,istighfar,Allahummaghfirli warhamni wahdini warzuqni,different_dua_in_iqs,different_dua_in_iqs,different_dua_in_iqs,verified,not_specified,similar_not_same,"Wa Iyyaka Nastaeen (Al-Huda), English 1st ed. 2013 inventory",Sahih Muslim 6849,false,,false,Istighfar (Seeking Forgiveness),medium,true,None identified,Sahih Muslim 6849,not graded in book (Sahihayn),"Shorter ""Allahummaghfirli warhamni wahdini warzuqni"" (Muslim); IQS salah#3 (between prostrations) is a longer sibling."
WYN-0125,repentance#0,istighfar,Astaghfirullahal ladhi la ilaha illa huwal hayyul qayyumu wa atubu ilaih,present_unverified_against_source,present_english_only (no Urdu translation in IQS),present_latin_in_iqs,verified,not_specified,exact_match,"Wa Iyyaka Nastaeen (Al-Huda), English 1st ed. 2013 inventory",Sunan Abu Dawud 1517,false,,false,Istighfar (Seeking Forgiveness),medium,false,None identified,Sunan Abu Dawud 1517,Sahih,"Astaghfirullahal ladhi la ilaha illa huwal hayyul qayyum wa atubu ilaih (Abu Dawud). IQS repentance#0 has the ""al-Azim"" variant (WYN-0127, Tirmidhi); IQS cites both collections. Variant wording differs by one word."
WYN-0126,,istighfar,Allahummaghfirli dhanbi wa yassirli amri wa barik li fi rizqi,absent_in_iqs,absent_in_iqs,absent_in_iqs,unchecked,not_specified,missing,"Wa Iyyaka Nastaeen (Al-Huda), English 1st ed. 2013 inventory",Musannaf Ibn Abi Shaybah 3047 (vol. 2),false,Not in IQS: add as a new dua.,false,Istighfar (Seeking Forgiveness),high,false,None identified,Musannaf Ibn Abi Shaybah 3047 (vol. 2),not printed,No IQS equivalent.
WYN-0127,repentance#0,istighfar,Astaghfirullahal 'azimal ladhi la ilaha illa huwal Hayyul Qayyumu wa atubu ilaih,present_unverified_against_source,present_english_only (no Urdu translation in IQS),present_latin_in_iqs,verified,not_specified,exact_match,"Wa Iyyaka Nastaeen (Al-Huda), English 1st ed. 2013 inventory",Jami' at-Tirmidhi 3577,false,,true,Istighfar (Seeking Forgiveness),high,false,None identified,Jami' at-Tirmidhi 3577,Sahih,Astaghfirullahal azim... (Tirmidhi). IQS repentance#0 matches the opening words.
WYN-0128,,istighfar,Allahummaghfirli warhamni wa tub 'alayya innaka antat tawwabur rahim,absent_in_iqs,absent_in_iqs,absent_in_iqs,unchecked,not_specified,missing,"Wa Iyyaka Nastaeen (Al-Huda), English 1st ed. 2013 inventory",Musnad Ahmad 5354 (vol. 9),false,Not in IQS: add as a new dua.,false,Istighfar (Seeking Forgiveness),high,false,None identified,Musnad Ahmad 5354 (vol. 9),Sahih,No IQS equivalent.
WYN-0129,,istighfar,Allahummaghfirli ma akhta'tu wa ma ta'ammadtu wa ma asrartu wa ma a'lantu wa ma jahiltu,absent_in_iqs,absent_in_iqs,absent_in_iqs,unchecked,not_specified,missing,"Wa Iyyaka Nastaeen (Al-Huda), English 1st ed. 2013 inventory",Musnad Ahmad 19925 (vol. 33),false,Not in IQS: add as a new dua.,false,Istighfar (Seeking Forgiveness),high,false,None identified,Musnad Ahmad 19925 (vol. 33),Sahih,No IQS equivalent.
WYN-0130,,istighfar,Allahummaghfirli wakhsa' shaitani wa fukka rihani wa thaqqil mizani waj'alni fin nadiyyil a'la,absent_in_iqs,absent_in_iqs,absent_in_iqs,unchecked,not_specified,missing,"Wa Iyyaka Nastaeen (Al-Huda), English 1st ed. 2013 inventory",al-Mustadrak (al-Hakim) 2026 (vol. 2),false,Not in IQS: add as a new dua.,false,Istighfar (Seeking Forgiveness),high,false,None identified,al-Mustadrak (al-Hakim) 2026 (vol. 2),Sahih,No IQS equivalent.
WYN-0131,,istighfar,Allahumma inni as'aluka ya Allahul Ahadus Samadul ladhi lam yalid... an taghfirali dhunubi innaka Antal Ghafurur Rahim,absent_in_iqs,absent_in_iqs,absent_in_iqs,mismatch_in_source,not_specified,missing,"Wa Iyyaka Nastaeen (Al-Huda), English 1st ed. 2013 inventory",Sunan Abu Dawud 1517 (as printed; see notes),false,Not in IQS: add as a new dua. Source reference flagged as mismatch in the inventory; do not copy the printed number without checking.,false,Istighfar (Seeking Forgiveness),high,false,None identified,Sunan Abu Dawud 1517 (as printed; see notes),Sahih,No IQS equivalent. | Inventory: REFERENCE CHECK: Printed AD 1517 is the Zayd narration of Astaghfirullahal-ladhi (cf. SF12). The Mihjan bin al-Adra' narration (Allahumma inni as'aluka ya Allahul Ahad) is Sunan Abu Dawud 985 and Sunan an-Nasa'i 1301 in the corpus. Requires verification.
WYN-0132,,istighfar,Allahummaghfirli khati'ati wa jahli wa israfi fi amri wa ma anta a'lamu bihi minni...,absent_in_iqs,absent_in_iqs,absent_in_iqs,verified,not_specified,missing,"Wa Iyyaka Nastaeen (Al-Huda), English 1st ed. 2013 inventory",Sahih al-Bukhari 6399,false,Not in IQS: add as a new dua.,false,Istighfar (Seeking Forgiveness),high,false,None identified,Sahih al-Bukhari 6399,not graded in book (Sahihayn),No IQS equivalent.
WYN-0133,,istighfar,Allahummaghfirli ma qaddamtu wa ma akh-khartu wa ma asrartu wa ma a'lantu wa ma asraftu...,absent_in_iqs,absent_in_iqs,absent_in_iqs,verified,not_specified,missing,"Wa Iyyaka Nastaeen (Al-Huda), English 1st ed. 2013 inventory",Sahih Muslim 1812,false,Not in IQS: add as a new dua.,false,Istighfar (Seeking Forgiveness),high,false,None identified,Sahih Muslim 1812,not graded in book (Sahihayn),No IQS equivalent (near-identical to WYN-0169).
WYN-0134,morning#2,istighfar,Allahumma Anta Rabbi la ilaha illa Anta khalaqtani... (Sayyid al-Istighfar),present_unverified_against_source,present_english_only (no Urdu translation in IQS),present_latin_in_iqs,verified,not_specified,same_dua_diff_category,"Wa Iyyaka Nastaeen (Al-Huda), English 1st ed. 2013 inventory",Sahih al-Bukhari 6306,false,Add category mapping istighfar (IQS currently holds it under morning); use one canonical dua with multiple category mappings.,true,Istighfar (Seeking Forgiveness),high,false,None identified,Sahih al-Bukhari 6306,not graded in book (Sahihayn),Sayyid al-Istighfar (Bukhari). IQS holds it under Morning athkar; duplicate of WYN-0017 inside WYN.
WYN-0135,,istighfar,Allahumma inni as'alukath thabata fil amri wal 'azimata 'alar rushdi...,absent_in_iqs,absent_in_iqs,absent_in_iqs,unchecked,not_specified,missing,"Wa Iyyaka Nastaeen (Al-Huda), English 1st ed. 2013 inventory",al-Mu'jam al-Kabir (at-Tabarani) 7135 (vol. 7),false,Not in IQS: add as a new dua.,false,Istighfar (Seeking Forgiveness),high,false,None identified,al-Mu'jam al-Kabir (at-Tabarani) 7135 (vol. 7),Sahih,No IQS equivalent.
WYN-0136,salah#9,istighfar,Astaghfirullah,present_unverified_against_source,present_english_only (no Urdu translation in IQS),present_latin_in_iqs,verified,consistent,same_dua_diff_category,"Wa Iyyaka Nastaeen (Al-Huda), English 1st ed. 2013 inventory",Sahih Muslim 1334,false,Add category mapping istighfar (IQS currently holds it under salah); use one canonical dua with multiple category mappings.,true,Istighfar (Seeking Forgiveness),high,false,None identified,Sahih Muslim 1334,not graded in book (Sahihayn),Astaghfirullah x3 (Muslim). IQS holds it as the first part of salah#9 (after the salam).
WYN-0137,,istighfar,"SubhanakAllahumma Rabbana wa bihamdika, Allahummaghfirli",absent_in_iqs,absent_in_iqs,absent_in_iqs,verified,not_specified,missing,"Wa Iyyaka Nastaeen (Al-Huda), English 1st ed. 2013 inventory",Sahih Muslim 1085,false,Not in IQS: add as a new dua.,false,Istighfar (Seeking Forgiveness),high,false,None identified,Sahih Muslim 1085,not graded in book (Sahihayn),No IQS equivalent.
WYN-0138,,istighfar,Allahummaghfirli dhanbi kullahu diqqahu wa jillahu wa awwalahu wa akhirahu wa 'alaniyatahu wa sirrahu,absent_in_iqs,absent_in_iqs,absent_in_iqs,verified,not_specified,missing,"Wa Iyyaka Nastaeen (Al-Huda), English 1st ed. 2013 inventory",Sahih Muslim 1084,false,Not in IQS: add as a new dua.,false,Istighfar (Seeking Forgiveness),high,false,None identified,Sahih Muslim 1084,not graded in book (Sahihayn),No IQS equivalent.
WYN-0139,,istighfar,"Allahumma inni zalamtu nafsi zulman kathiran, wa la yaghfirudh dhunuba illa Anta...",absent_in_iqs,absent_in_iqs,absent_in_iqs,mismatch_in_source,not_specified,missing,"Wa Iyyaka Nastaeen (Al-Huda), English 1st ed. 2013 inventory",Sahih Muslim 6842 (as printed; see notes),false,Not in IQS: add as a new dua. Source reference flagged as mismatch in the inventory; do not copy the printed number without checking.,false,Istighfar (Seeking Forgiveness),high,false,None identified,Sahih Muslim 6842 (as printed; see notes),not graded in book (Sahihayn),"No IQS equivalent. | Inventory: REFERENCE CHECK: Printed M 6842 is the Abu Huraira tahlil (100 times) narration (cf. BM9). The Abu Bakr 'zalamtu nafsi zulman kathiran' narration is Sahih Muslim 6869/6870 and Sahih al-Bukhari 834, 6326, 7387 (also T 3531, N 1302, IM 3835). Requires verification."
WYN-0140,,istighfar,Rabbighfirli wa tub 'alaiya innaka Antat Tawwabul Ghafur,absent_in_iqs,absent_in_iqs,absent_in_iqs,verified,wyn_count_not_in_iqs,missing,"Wa Iyyaka Nastaeen (Al-Huda), English 1st ed. 2013 inventory",Jami' at-Tirmidhi 3434,false,Not in IQS: add as a new dua.,false,Istighfar (Seeking Forgiveness),high,false,None identified,Jami' at-Tirmidhi 3434,Sahih,No IQS equivalent.
WYN-0141,social#2,istighfar,"SubhanakAllahumma wa bihamdika, ash-hadu an la ilaha illa anta, astaghfiruka wa atubu ilaik...",present_unverified_against_source,present_english_only (no Urdu translation in IQS),present_latin_in_iqs,verified,not_specified,same_dua_diff_category,"Wa Iyyaka Nastaeen (Al-Huda), English 1st ed. 2013 inventory",Sunan Abu Dawud 4859,false,"Add category mapping istighfar (IQS currently holds it under social); use one canonical dua with multiple category mappings. IQS reference (""Tirmidhi, al-Hakim"") does not overlap the WYN printed reference; review.",false,Istighfar (Seeking Forgiveness),high,false,None identified,Sunan Abu Dawud 4859,Hasan Sahih,"Gathering expiation (kaffarat al-majlis). IQS cites Tirmidhi, al-Hakim; WYN cites Abu Dawud 4859. IQS files it under Social & etiquette."
WYN-0142,,relief-from-distress,Astaghfirullah,absent_in_iqs,absent_in_iqs,absent_in_iqs,unchecked,not_specified,missing,"Wa Iyyaka Nastaeen (Al-Huda), English 1st ed. 2013 inventory",Musnad Ahmad 23953 (vol. 39),false,Not in IQS: add as a new dua.,false,Sorrow and Distress,high,false,None identified,Musnad Ahmad 23953 (vol. 39),Hasan,No IQS equivalent.
WYN-0143,,relief-from-distress,La ilaha illAllah,absent_in_iqs,absent_in_iqs,absent_in_iqs,unchecked,not_specified,missing,"Wa Iyyaka Nastaeen (Al-Huda), English 1st ed. 2013 inventory",al-Silsilah as-Sahihah (al-Albani) 1932,false,Not in IQS: add as a new dua.,false,Sorrow and Distress,high,false,None identified,al-Silsilah as-Sahihah (al-Albani) 1932,not printed,No IQS equivalent.
WYN-0144,,relief-from-distress,La hawla wa la quwwata illa billah,absent_in_iqs,absent_in_iqs,absent_in_iqs,unchecked,not_specified,missing,"Wa Iyyaka Nastaeen (Al-Huda), English 1st ed. 2013 inventory",Sahih at-Targhib wa't-Tarhib (al-Albani) (no number printed),false,Not in IQS: add as a new dua.,false,Sorrow and Distress,high,false,None identified,Sahih at-Targhib wa't-Tarhib (al-Albani) (no number printed),not printed,No IQS equivalent.
WYN-0145,anxiety#2,relief-from-distress,HasbunAllahu wa ni'mal Wakil,different_dua_in_iqs,different_dua_in_iqs,different_dua_in_iqs,verified,not_specified,similar_not_same,"Wa Iyyaka Nastaeen (Al-Huda), English 1st ed. 2013 inventory",Q 3:173 [printed in book] ; Sahih al-Bukhari 4563,false,,false,Sorrow and Distress,medium,true,Q 3:173 [printed in book],Sahih al-Bukhari 4563,not graded in book (Sahihayn),"""Hasbunallahu wa ni'mal wakil"" (Q 3:173) vs IQS anxiety#2 ""Hasbiyallahu la ilaha illa huwa"" - different dua."
WYN-0146,salah#3,relief-from-distress,Allahummaghfirli warhamni wa 'afini warzuqni,different_dua_in_iqs,different_dua_in_iqs,different_dua_in_iqs,verified,not_specified,similar_not_same,"Wa Iyyaka Nastaeen (Al-Huda), English 1st ed. 2013 inventory",Jami' at-Tirmidhi 3524,false,,false,Sorrow and Distress,low,true,None identified,Jami' at-Tirmidhi 3524,Hasan,Shorter sibling of IQS salah#3 (Tirmidhi 3524 wording not in IQS).
WYN-0147,,relief-from-distress,Innama ashku bath-thi wa huzni ilAllah,absent_in_iqs,absent_in_iqs,absent_in_iqs,verified,not_specified,missing,"Wa Iyyaka Nastaeen (Al-Huda), English 1st ed. 2013 inventory",Q 12:86 [printed in book] ; None printed (Qur'anic),false,Not in IQS: add as a new dua.,false,Sorrow and Distress,high,false,Q 12:86 [printed in book],None printed (Qur'anic),Not applicable / not printed,No IQS equivalent (Q 12:86).
WYN-0148,,relief-from-distress,"Allahu, Allahu Rabbi la ushriku bihi shai'an",absent_in_iqs,absent_in_iqs,absent_in_iqs,verified,not_specified,missing,"Wa Iyyaka Nastaeen (Al-Huda), English 1st ed. 2013 inventory",Sunan Abu Dawud 1525,false,Not in IQS: add as a new dua.,false,Sorrow and Distress,high,false,None identified,Sunan Abu Dawud 1525,Sahih,No IQS equivalent.
WYN-0149,,relief-from-distress,Ya Hayyu ya Qayyumu bi rahmatika astaghith,absent_in_iqs,absent_in_iqs,absent_in_iqs,verified,not_specified,missing,"Wa Iyyaka Nastaeen (Al-Huda), English 1st ed. 2013 inventory",Sahih Muslim 6851,false,Not in IQS: add as a new dua.,false,Sorrow and Distress,high,false,None identified,Sahih Muslim 6851,not graded in book (Sahihayn),No IQS equivalent.
WYN-0150,anxiety#1,relief-from-distress,La ilaha illa Anta subhanaka inni kuntu minaz zalimin,present_unverified_against_source,present_english_only (no Urdu translation in IQS),present_latin_in_iqs,verified,not_specified,exact_match,"Wa Iyyaka Nastaeen (Al-Huda), English 1st ed. 2013 inventory",Q 21:87 [identified by inventory] ; Jami' at-Tirmidhi 3505,false,,true,Sorrow and Distress,high,false,Q 21:87 [identified by inventory],Jami' at-Tirmidhi 3505,Sahih,"Dua of Yunus, Q 21:87 in both. Same dua again as WYN-0158."
WYN-0151,anxiety#3,relief-from-distress,Allahumma la sahla illa ma ja'altahu sahla(n)w wa Anta taj'alul hazna sahlan idha shi'ta,present_unverified_against_source,present_english_only (no Urdu translation in IQS),present_latin_in_iqs,unchecked,not_specified,exact_match,"Wa Iyyaka Nastaeen (Al-Huda), English 1st ed. 2013 inventory",Sahih Ibn Hibban 974,false,"IQS reference (""Ahmad"") does not overlap the WYN printed reference; review.",false,Sorrow and Distress,high,false,None identified,Sahih Ibn Hibban 974,not printed,"Same dua; IQS cites Ahmad, WYN cites Sahih Ibn Hibban (unchecked)."
WYN-0152,anxiety#0,relief-from-distress,Allahumma inni a'udhu bika minal hammi wal hazani wal 'ajzi wal kasali wal jubni wal bukhli wa dala'id daini wa ghalabatir rijal,iqs_shorter_than_wyn,present_english_only (no Urdu translation in IQS),iqs_shorter_than_wyn,verified,not_specified,same_source_incomplete_text,"Wa Iyyaka Nastaeen (Al-Huda), English 1st ed. 2013 inventory",Sahih al-Bukhari 6369,true,Complete the IQS Arabic/transliteration text (anxiety#0).,false,Sorrow and Distress,medium,false,None identified,Sahih al-Bukhari 6369,not graded in book (Sahihayn),"Same hadith (Bukhari). The WYN opening continues ""...wa dala'id daini wa ghalabatir rijal""; IQS ends at ""wal-bukhli wal-jubn"". IQS Arabic appears shorter than the printed WYN text. Confirm."
WYN-0153,,relief-from-distress,Allahumma rahmataka arju fala takilni ila nafsi tarfata 'ainin wa aslih li sha'ni kullahu la ilaha illa Anta,absent_in_iqs,absent_in_iqs,absent_in_iqs,verified,not_specified,missing,"Wa Iyyaka Nastaeen (Al-Huda), English 1st ed. 2013 inventory",Sunan Abu Dawud 5090,false,Not in IQS: add as a new dua.,false,Sorrow and Distress,high,false,None identified,Sunan Abu Dawud 5090,Sahih,No IQS equivalent.
WYN-0154,,relief-from-distress,"La ilaha illAllahul 'Azimul Halimu, la ilaha illAllahu Rabbul 'arshil 'azimi...",absent_in_iqs,absent_in_iqs,absent_in_iqs,verified,not_specified,missing,"Wa Iyyaka Nastaeen (Al-Huda), English 1st ed. 2013 inventory",Sahih al-Bukhari 6346,false,Not in IQS: add as a new dua.,false,Sorrow and Distress,high,false,None identified,Sahih al-Bukhari 6346,Sahih,No IQS equivalent.
WYN-0155,,relief-from-distress,"La Ilaha IllAllahul Halimul Karimu, SubhanAllahi wa TabarakAllahu, Rabbul 'arshil 'azimi wal hamdu lillahi Rabbil 'alamin",absent_in_iqs,absent_in_iqs,absent_in_iqs,unchecked,not_specified,missing,"Wa Iyyaka Nastaeen (Al-Huda), English 1st ed. 2013 inventory",al-Mustadrak (al-Hakim) 1916,false,Not in IQS: add as a new dua.,false,Sorrow and Distress,high,false,None identified,al-Mustadrak (al-Hakim) 1916,Sahih,No IQS equivalent.
WYN-0156,,relief-from-distress,"Allahumma Inni 'abduka, ibnu 'abdika, ibnu amatika, nasiyati biyadika...",absent_in_iqs,absent_in_iqs,absent_in_iqs,unchecked,not_specified,missing,"Wa Iyyaka Nastaeen (Al-Huda), English 1st ed. 2013 inventory",Musnad Ahmad 3712 (vol. 6) | Jami' at-Tirmidhi 2457,false,Not in IQS: add as a new dua.,false,Sorrow and Distress,high,false,None identified,Musnad Ahmad 3712 (vol. 6) | Jami' at-Tirmidhi 2457,not printed | Hasan,No IQS equivalent.
WYN-0157,,maqbool-duain,"SubhanAllahi wal hamdulillahi, wa la ilaha illAllahu wAllahu akbar",absent_in_iqs,absent_in_iqs,absent_in_iqs,verified,not_specified,missing,"Wa Iyyaka Nastaeen (Al-Huda), English 1st ed. 2013 inventory",Sahih Muslim 6847,false,Not in IQS: add as a new dua.,false,Accepted Duas,high,false,None identified,Sahih Muslim 6847,not graded in book (Sahihayn),No IQS equivalent.
WYN-0158,anxiety#1,maqbool-duain,La Ilaha Illa Anta subhanaka inni kuntu minaz zalimin,present_unverified_against_source,present_english_only (no Urdu translation in IQS),present_latin_in_iqs,verified,not_specified,same_dua_diff_category,"Wa Iyyaka Nastaeen (Al-Huda), English 1st ed. 2013 inventory",Q 21:87 [identified by inventory] ; Jami' at-Tirmidhi 3505,false,Add category mapping maqbool-duain (IQS currently holds it under anxiety); use one canonical dua with multiple category mappings.,true,Accepted Duas,high,false,Q 21:87 [identified by inventory],Jami' at-Tirmidhi 3505,Sahih,Dua of Yunus (Q 21:87); same dua also in WYN-0150 (Sorrow). IQS files under Anxiety & distress.
WYN-0159,,maqbool-duain,"Ya Badi'as samawati, ya Hayyu ya Qayyumu, inni as'aluka",absent_in_iqs,absent_in_iqs,absent_in_iqs,verified,not_specified,missing,"Wa Iyyaka Nastaeen (Al-Huda), English 1st ed. 2013 inventory",al-Adab al-Mufrad (al-Bukhari) 705,false,Not in IQS: add as a new dua.,false,Accepted Duas,high,false,None identified,al-Adab al-Mufrad (al-Bukhari) 705,not printed,No IQS equivalent.
WYN-0160,,maqbool-duain,"Allahumma inni as'aluka bi anni ash-hadu annaka antAllahu, la ilaha illa Antal Ahadus Samad...",absent_in_iqs,absent_in_iqs,absent_in_iqs,verified,not_specified,missing,"Wa Iyyaka Nastaeen (Al-Huda), English 1st ed. 2013 inventory",Jami' at-Tirmidhi 3475,false,Not in IQS: add as a new dua.,false,Accepted Duas,high,false,None identified,Jami' at-Tirmidhi 3475,not printed,No IQS equivalent.
WYN-0161,,maqbool-duain,"Allahumma inni as'aluka bi anna lakal hamda, la ilaha illa Antal Mannanu Badi'us samawati wal ardi, ya Dhal Jalali wal Ikrami ya Hayyu ya Qayyum",absent_in_iqs,absent_in_iqs,absent_in_iqs,verified,not_specified,missing,"Wa Iyyaka Nastaeen (Al-Huda), English 1st ed. 2013 inventory",Sunan Abu Dawud 1495,false,Not in IQS: add as a new dua.,false,Accepted Duas,high,false,None identified,Sunan Abu Dawud 1495,Sahih,No IQS equivalent.
WYN-0162,,maqbool-duain,La ilaha illAllahu wahdahu la sharika lahu... alhamdulillahi wa subhanAllahi... Allahummaghfirli,absent_in_iqs,absent_in_iqs,absent_in_iqs,verified,not_specified,missing,"Wa Iyyaka Nastaeen (Al-Huda), English 1st ed. 2013 inventory",Sahih al-Bukhari 1154,false,Not in IQS: add as a new dua.,false,Accepted Duas,high,false,None identified,Sahih al-Bukhari 1154,not graded in book (Sahihayn),No IQS equivalent.
WYN-0163,,after-salah,Allahu akbar,absent_in_iqs,absent_in_iqs,absent_in_iqs,mismatch_in_source,wyn_count_not_in_iqs,missing,"Wa Iyyaka Nastaeen (Al-Huda), English 1st ed. 2013 inventory",Sahih al-Bukhari 843,false,Not in IQS: add as a new dua. Source reference flagged as mismatch in the inventory; do not copy the printed number without checking.,false,Post-Salah Adhkar,high,false,None identified,Sahih al-Bukhari 843,not graded in book (Sahihayn),No IQS equivalent. | Inventory: REFERENCE CHECK: Printed B 843 is Abu Huraira's tasbih-after-prayer narration; the Ibn 'Abbas 'recognised the end of prayer by the takbir' text is Sahih al-Bukhari 842 (841 is the related Abu Ma'bad narration). Adjacent-number discrepancy.
WYN-0164,salah#9,after-salah,Astaghfirullah,present_unverified_against_source,present_english_only (no Urdu translation in IQS),present_latin_in_iqs,verified,consistent,same_dua_diff_category,"Wa Iyyaka Nastaeen (Al-Huda), English 1st ed. 2013 inventory",Sahih Muslim 1334,false,Add category mapping after-salah (IQS currently holds it under salah); use one canonical dua with multiple category mappings.,true,Post-Salah Adhkar,high,false,None identified,Sahih Muslim 1334,not graded in book (Sahihayn),Astaghfirullah x3 after salam (Muslim). IQS salah#9 contains it; IQS has no after-salah category.
WYN-0165,salah#9,after-salah,"Allahumma Antas Salamu wa minkas salamu, tabarakta ya Dhal-Jalali wal Ikram",present_unverified_against_source,present_english_only (no Urdu translation in IQS),present_latin_in_iqs,verified,wyn_count_iqs_missing,same_dua_diff_category,"Wa Iyyaka Nastaeen (Al-Huda), English 1st ed. 2013 inventory",Sahih Muslim 1334,false,Add category mapping after-salah (IQS currently holds it under salah); use one canonical dua with multiple category mappings.,true,Post-Salah Adhkar,high,false,None identified,Sahih Muslim 1334,not graded in book (Sahihayn),Allahumma Antas Salamu wa minkas salamu (Muslim). Second part of IQS salah#9.
WYN-0166,,after-salah,Rabbi a'inni 'ala dhikrika wa shukrika wa husni 'ibadatika,absent_in_iqs,absent_in_iqs,absent_in_iqs,mismatch_in_source,wyn_count_not_in_iqs,missing,"Wa Iyyaka Nastaeen (Al-Huda), English 1st ed. 2013 inventory",Sunan an-Nasa'i 1304,false,Not in IQS: add as a new dua. Source reference flagged as mismatch in the inventory; do not copy the printed number without checking.,false,Post-Salah Adhkar,high,false,None identified,Sunan an-Nasa'i 1304,Sahih,No IQS equivalent. | Inventory: REFERENCE CHECK: Printed N 1304 (sunnah.com confirmed) is the Shaddad bin Aws narration (cf. SF22); the Mu'adh bin Jabal narration of 'Rabbi a'inni 'ala dhikrika' is Sunan an-Nasa'i 1303 (and Sunan Abu Dawud 1522). Adjacent-number discrepancy; the book's 'Sahih' grade fits N 1303 (N 1304 is graded Da'if by al-Albani in the corpus).
WYN-0167,sleep#1,after-salah,Rabbi qini 'adhabaka yawma tub'athu 'ibadak,different_dua_in_iqs,different_dua_in_iqs,different_dua_in_iqs,verified,wyn_count_not_in_iqs,similar_not_same,"Wa Iyyaka Nastaeen (Al-Huda), English 1st ed. 2013 inventory",Sahih Muslim 1642,false,,false,Post-Salah Adhkar,low,true,None identified,Sahih Muslim 1642,not graded in book (Sahihayn),"""Rabbi qini adhabaka yawma tub'athu ibadak"" (Muslim, after salah) vs IQS sleep#1 ""Allahumma qini adhabaka yawma tab'athu ibadak"" (before sleep, Abu Dawud/Tirmidhi). Same core wording, different vocative, source and occasion - needs manual check."
WYN-0168,,after-salah,La ilaha illAllahu wahdahu la sharika lahu... Allahumma la mani'a lima a'taita...,absent_in_iqs,absent_in_iqs,absent_in_iqs,verified,wyn_count_not_in_iqs,missing,"Wa Iyyaka Nastaeen (Al-Huda), English 1st ed. 2013 inventory",Sahih al-Bukhari 6330,false,Not in IQS: add as a new dua.,false,Post-Salah Adhkar,high,false,None identified,Sahih al-Bukhari 6330,not graded in book (Sahihayn),No IQS equivalent.
WYN-0169,,after-salah,Allahummaghfirli ma qaddamtu wa ma akh-khartu wa ma asrartu wa ma a'lantu wa ma asraftu...,absent_in_iqs,absent_in_iqs,absent_in_iqs,verified,not_specified,missing,"Wa Iyyaka Nastaeen (Al-Huda), English 1st ed. 2013 inventory",Sunan Abu Dawud 760,false,Not in IQS: add as a new dua.,false,Post-Salah Adhkar,high,false,None identified,Sunan Abu Dawud 760,Sahih,No IQS equivalent (near-identical to WYN-0133).
WYN-0170,,after-salah,"La ilaha illAllahu wahdahu la sharika lahu... la hawla wa la quwwata illa billah, la ilaha illAllahu wa la na'budu illa iyyahu...",absent_in_iqs,absent_in_iqs,absent_in_iqs,verified,wyn_count_not_in_iqs,missing,"Wa Iyyaka Nastaeen (Al-Huda), English 1st ed. 2013 inventory",Sahih Muslim 1343,false,Not in IQS: add as a new dua.,false,Post-Salah Adhkar,high,false,None identified,Sahih Muslim 1343,not graded in book (Sahihayn),No IQS equivalent.
WYN-0171,,after-salah,Allahumma inni a'udhu bika minal jubni wa a'udhu bika an uradda ila ardhalil 'umuri...,absent_in_iqs,absent_in_iqs,absent_in_iqs,verified,wyn_count_not_in_iqs,missing,"Wa Iyyaka Nastaeen (Al-Huda), English 1st ed. 2013 inventory",Sahih al-Bukhari 2822,false,Not in IQS: add as a new dua.,false,Post-Salah Adhkar,high,false,None identified,Sahih al-Bukhari 2822,not graded in book (Sahihayn),No IQS equivalent.
WYN-0172,,after-salah,"Subhan Allah (33), Alhamdulillah (33), Allahu akbar (34)",absent_in_iqs,absent_in_iqs,absent_in_iqs,verified,wyn_count_not_in_iqs,missing,"Wa Iyyaka Nastaeen (Al-Huda), English 1st ed. 2013 inventory",Sahih Muslim 1349,false,Not in IQS: add as a new dua.,false,Post-Salah Adhkar,high,false,None identified,Sahih Muslim 1349,not graded in book (Sahihayn),No IQS equivalent: IQS salah#9 lacks the 33/33/34 tasbih.
WYN-0173,salah#5,after-salah,Allahumma inni a'udhu bika min 'adhabil qabri... min 'adhabin nari... minal fitani... fitnatil a'waril kadh-dhab,different_dua_in_iqs,different_dua_in_iqs,different_dua_in_iqs,unchecked,not_specified,similar_not_same,"Wa Iyyaka Nastaeen (Al-Huda), English 1st ed. 2013 inventory",Musnad Ahmad 2778 (vol. 4),false,,false,Post-Salah Adhkar,medium,true,None identified,Musnad Ahmad 2778 (vol. 4),Sahih,Ahmad wording (same text as WYN-0041); IQS salah#5 is the Muslim wording.
WYN-0174,evening#2,after-salah,Recite Ayat al-Kursi,present_unverified_against_source,present_english_only (no Urdu translation in IQS),iqs_truncated,partially_verified,not_specified,same_dua_diff_category,"Wa Iyyaka Nastaeen (Al-Huda), English 1st ed. 2013 inventory",Q 2:255 [identified by inventory] ; al-Mu'jam al-Kabir (at-Tabarani) 7532,false,Add category mapping after-salah (IQS currently holds it under evening); use one canonical dua with multiple category mappings.,false,Post-Salah Adhkar,medium,false,Q 2:255 [identified by inventory],al-Mu'jam al-Kabir (at-Tabarani) 7532,Sahih,Instruction: recite Ayat al-Kursi after salah. The same recitation exists in IQS under evening/sleep (truncated).
WYN-0175,evening#3,after-salah,"Recite Mu'awwidhat (Al-Ikhlas, Al-Falaq and Al-Nas)",present_unverified_against_source,present_english_only (no Urdu translation in IQS),iqs_truncated,verified,iqs_count_wyn_not_specified,same_dua_diff_category,"Wa Iyyaka Nastaeen (Al-Huda), English 1st ed. 2013 inventory",Q 112-114 (named in instruction) [identified by inventory] ; Sunan Abu Dawud 1523,false,Add category mapping after-salah (IQS currently holds it under evening); use one canonical dua with multiple category mappings.,false,Post-Salah Adhkar,medium,false,Q 112-114 (named in instruction) [identified by inventory],Sunan Abu Dawud 1523,Sahih,Instruction: recite the three Quls after salah. The same recitation exists in IQS under evening/sleep (truncated).
WYN-0176,market#1,after-salah,"Allahumma inni as'aluka 'ilman nafi'an, wa rizqan tayyiban, wa 'amalan mutaqabbalan",present_unverified_against_source,present_english_only (no Urdu translation in IQS),present_latin_in_iqs,verified,wyn_count_iqs_missing,same_dua_diff_category,"Wa Iyyaka Nastaeen (Al-Huda), English 1st ed. 2013 inventory",Sunan Ibn Majah 925,false,Add category mapping after-salah (IQS currently holds it under market); use one canonical dua with multiple category mappings.,true,Post-Salah Adhkar,high,false,None identified,Sunan Ibn Majah 925,Sahih,"Same dua (Ibn Majah): beneficial knowledge, wholesome provision, accepted deeds. IQS files it under Market & provision (after Fajr)."
WYN-0177,hajj#2,after-salah,"La ilaha illAllahu wahdahu la sharika lahu, lahul mulku wa lahul hamdu, wa huwa 'ala kulli shai'in qadir",present_unverified_against_source,present_english_only (no Urdu translation in IQS),present_latin_in_iqs,unchecked,wyn_count_iqs_missing,same_dua_diff_category,"Wa Iyyaka Nastaeen (Al-Huda), English 1st ed. 2013 inventory",al-Silsilah as-Sahihah (al-Albani) 113,false,"Add category mapping after-salah (IQS currently holds it under hajj); use one canonical dua with multiple category mappings. IQS reference (""Muslim"") does not overlap the WYN printed reference; review.",false,Post-Salah Adhkar,low,true,None identified,al-Silsilah as-Sahihah (al-Albani) 113,not printed,Tahlil formula x10 after salah (al-Albani). IQS has the formula under Hajj with no count.
WYN-0178,knowledge#2,knowledge,Allahumma inni astakhiruka bi 'ilmika wa astaqdiruka bi qudratika...,iqs_incomplete,present_english_only (no Urdu translation in IQS),iqs_truncated,mismatch_in_source,not_specified,same_source_incomplete_text,"Wa Iyyaka Nastaeen (Al-Huda), English 1st ed. 2013 inventory",Sahih al-Bukhari 1116,true,Complete the IQS Arabic/transliteration text (knowledge#2). Source reference flagged as mismatch in the inventory; do not copy the printed number without checking.,false,Istikhara,high,false,None identified,Sahih al-Bukhari 1116,not graded in book (Sahihayn),"Istikhara: IQS Arabic stops after ""wa anta allamul ghuyub"" and omits the continuation naming the matter (verified data error). Printed B 1116 flagged in the inventory as probable transposition of 1166. | Inventory: REFERENCE CHECK: Printed B 1116 (sunnah.com confirmed) is a hadith on praying while sitting (Imran bin Husain). The Istikhara hadith of Jabir is Sahih al-Bukhari 1166 (also 6382, 7390; T 480, N 3253, IM 1383). Likely typographical transposition; requires verification."
